device_id,total_records,rejected_count,approved_count,rejection_rate,blind_spot_risk
FKDEV00000,4,0,3,0.0,False
FKDEV00001,266,51,153,0.1917,False
FKDEV00002,177,37,77,0.209,False
FKDEV00003,446,33,165,0.074,False
FKDEV00004,63,15,48,0.2381,False
FKDEV00005,78,2,63,0.0256,False
FKDEV00006,413,93,204,0.2252,False
FKDEV00007,19,3,16,0.1579,False
FKDEV00008,242,32,166,0.1322,False
FKDEV00009,567,60,220,0.1058,False
FKDEV00010,38,5,18,0.1316,False
FKDEV00011,82,14,68,0.1707,False
FKDEV00012,751,182,305,0.2423,False
FKDEV00013,4,1,3,0.25,False
FKDEV00014,59,9,28,0.1525,False
FKDEV00015,406,87,164,0.2143,False
FKDEV00016,689,142,262,0.2061,False
FKDEV00017,116,22,68,0.1897,False
FKDEV00018,821,95,401,0.1157,False
FKDEV00019,205,26,90,0.1268,False
FKDEV00020,1059,148,363,0.1398,False
FKDEV00021,4344,636,756,0.1464,False
FKDEV00022,221,65,102,0.2941,True
FKDEV00023,2145,322,891,0.1501,False
FKDEV00024,299,36,61,0.1204,False
FKDEV00025,1558,240,607,0.154,False
FKDEV00026,1563,213,718,0.1363,False
FKDEV00027,378,84,169,0.2222,False
FKDEV00028,1586,243,417,0.1532,False
FKDEV00029,381,88,52,0.231,False
FKDEV00030,243,31,171,0.1276,False
FKDEV00031,1343,239,285,0.178,False
FKDEV00032,184,18,79,0.0978,False
FKDEV00033,24,8,13,0.3333,True
FKDEV00034,204,31,43,0.152,False
FKDEV00035,1071,300,597,0.2801,True
FKDEV00036,315,46,75,0.146,False
FKDEV00037,1960,649,726,0.3311,True
FKDEV00038,767,142,278,0.1851,False
FKDEV00039,216,62,80,0.287,True
FKDEV00040,121,28,81,0.2314,False
FKDEV00041,1572,306,697,0.1947,False
FKDEV00042,102,15,43,0.1471,False
FKDEV00043,28,2,16,0.0714,False
FKDEV00044,377,63,138,0.1671,False
FKDEV00045,34,3,16,0.0882,False
FKDEV00046,230,109,106,0.4739,True
FKDEV00047,303,20,131,0.066,False
FKDEV00048,48,5,28,0.1042,False
FKDEV00049,653,142,313,0.2175,False
FKDEV00050,265,41,110,0.1547,False
FKDEV00051,173,47,80,0.2717,True
FKDEV00052,28,2,16,0.0714,False
FKDEV00053,621,62,171,0.0998,False
FKDEV00054,122,21,43,0.1721,False
FKDEV00055,544,88,311,0.1618,False
FKDEV00056,12,0,10,0.0,False
FKDEV00057,80,61,16,0.7625,True
FKDEV00058,79,10,23,0.1266,False
FKDEV00059,103,14,66,0.1359,False
FKDEV00060,955,122,480,0.1277,False
FKDEV00061,689,129,442,0.1872,False
FKDEV00062,617,92,396,0.1491,False
FKDEV00063,80,17,21,0.2125,False
FKDEV00064,3,0,1,0.0,False
FKDEV00065,15,2,9,0.1333,False
FKDEV00066,55,8,21,0.1455,False
FKDEV00067,342,26,168,0.076,False
FKDEV00068,1777,246,689,0.1384,False
FKDEV00069,422,91,163,0.2156,False
FKDEV00070,485,134,194,0.2763,True
FKDEV00071,599,75,195,0.1252,False
FKDEV00072,130,31,57,0.2385,False
FKDEV00073,565,137,242,0.2425,False
FKDEV00074,35,5,25,0.1429,False
FKDEV00075,2095,260,969,0.1241,False
FKDEV00076,35,12,15,0.3429,True
FKDEV00077,2156,309,629,0.1433,False
FKDEV00078,462,99,227,0.2143,False
FKDEV00079,580,83,180,0.1431,False
FKDEV00080,122,46,42,0.377,True
FKDEV00081,95,8,32,0.0842,False
FKDEV00082,2268,247,926,0.1089,False
FKDEV00083,1,0,1,0.0,False
FKDEV00084,319,33,128,0.1034,False
FKDEV00085,900,90,381,0.1,False
FKDEV00086,7,1,4,0.1429,False
FKDEV00087,902,104,309,0.1153,False
FKDEV00088,129,32,51,0.2481,False
FKDEV00089,715,163,275,0.228,False
FKDEV00090,215,55,154,0.2558,True
FKDEV00091,204,28,120,0.1373,False
FKDEV00092,641,70,378,0.1092,False
FKDEV00093,876,146,341,0.1667,False
FKDEV00094,296,39,207,0.1318,False
FKDEV00095,25,3,19,0.12,False
FKDEV00096,36,17,16,0.4722,True
FKDEV00097,98,4,24,0.0408,False
FKDEV00098,579,98,265,0.1693,False
FKDEV00099,55,16,20,0.2909,True
FKDEV00100,86,20,65,0.2326,False
FKDEV00101,43,3,16,0.0698,False
FKDEV00102,57,2,25,0.0351,False
FKDEV00103,10,1,7,0.1,False
FKDEV00104,1021,212,603,0.2076,False
FKDEV00105,74,26,31,0.3514,True
FKDEV00106,56,7,27,0.125,False
FKDEV00107,18,1,12,0.0556,False
FKDEV00108,526,52,107,0.0989,False
FKDEV00109,794,282,305,0.3552,True
FKDEV00110,507,68,96,0.1341,False
FKDEV00111,25,9,9,0.36,True
FKDEV00112,2012,203,559,0.1009,False
FKDEV00113,225,42,151,0.1867,False
FKDEV00114,87,2,46,0.023,False
FKDEV00115,24,3,6,0.125,False
FKDEV00116,1510,248,696,0.1642,False
FKDEV00117,9,1,5,0.1111,False
FKDEV00118,378,74,219,0.1958,False
FKDEV00119,44,19,20,0.4318,True
FKDEV00120,982,128,415,0.1303,False
FKDEV00121,1991,328,751,0.1647,False
FKDEV00122,660,219,248,0.3318,True
FKDEV00123,201,46,56,0.2289,False
FKDEV00124,64,6,51,0.0938,False
FKDEV00125,48,10,13,0.2083,False
FKDEV00126,1166,135,511,0.1158,False
FKDEV00127,46,4,33,0.087,False
FKDEV00128,1234,246,777,0.1994,False
FKDEV00129,1495,347,626,0.2321,False
FKDEV00130,941,122,517,0.1296,False
FKDEV00131,875,58,160,0.0663,False
FKDEV00132,149,18,35,0.1208,False
FKDEV00133,360,26,113,0.0722,False
FKDEV00134,280,58,166,0.2071,False
FKDEV00135,329,15,172,0.0456,False
FKDEV00136,19,1,2,0.0526,False
FKDEV00137,110,12,58,0.1091,False
FKDEV00138,1823,361,561,0.198,False
FKDEV00139,598,111,213,0.1856,False
FKDEV00140,904,165,347,0.1825,False
FKDEV00141,640,51,379,0.0797,False
FKDEV00142,8,0,3,0.0,False
FKDEV00143,435,75,150,0.1724,False
FKDEV00144,986,179,403,0.1815,False
FKDEV00145,17,2,15,0.1176,False
FKDEV00146,258,78,83,0.3023,True
FKDEV00147,371,81,142,0.2183,False
FKDEV00148,480,69,189,0.1438,False
FKDEV00149,626,79,239,0.1262,False
FKDEV00150,11,3,3,0.2727,True
FKDEV00151,1345,210,430,0.1561,False
FKDEV00152,392,60,161,0.1531,False
FKDEV00153,202,20,86,0.099,False
FKDEV00154,16,2,9,0.125,False
FKDEV00155,763,101,241,0.1324,False
FKDEV00156,585,66,187,0.1128,False
FKDEV00157,36,6,25,0.1667,False
FKDEV00158,4,0,3,0.0,False
FKDEV00159,886,114,461,0.1287,False
FKDEV00160,820,150,349,0.1829,False
FKDEV00161,344,59,188,0.1715,False
FKDEV00162,223,73,99,0.3274,True
FKDEV00163,188,8,27,0.0426,False
FKDEV00164,109,15,56,0.1376,False
FKDEV00165,224,85,118,0.3795,True
FKDEV00166,449,24,109,0.0535,False
FKDEV00167,305,12,122,0.0393,False
FKDEV00168,524,82,90,0.1565,False
FKDEV00169,8,3,2,0.375,True
FKDEV00170,5,0,5,0.0,False
FKDEV00171,97,4,35,0.0412,False
FKDEV00172,592,113,268,0.1909,False
FKDEV00173,1310,392,602,0.2992,True
FKDEV00174,964,69,111,0.0716,False
FKDEV00175,247,23,89,0.0931,False
FKDEV00176,285,45,90,0.1579,False
FKDEV00177,200,21,110,0.105,False
FKDEV00178,947,278,352,0.2936,True
FKDEV00179,51,2,32,0.0392,False
FKDEV00180,176,58,59,0.3295,True
FKDEV00181,546,84,345,0.1538,False
FKDEV00182,21,1,10,0.0476,False
FKDEV00183,401,84,182,0.2095,False
FKDEV00184,16,2,5,0.125,False
FKDEV00185,113,33,57,0.292,True
FKDEV00186,185,55,50,0.2973,True
FKDEV00187,302,29,109,0.096,False
FKDEV00188,215,31,140,0.1442,False
FKDEV00189,619,42,318,0.0679,False
FKDEV00190,284,43,92,0.1514,False
FKDEV00191,1456,427,453,0.2933,True
FKDEV00192,8,1,6,0.125,False
FKDEV00193,487,75,198,0.154,False
FKDEV00194,37,14,14,0.3784,True
FKDEV00195,23,1,9,0.0435,False
FKDEV00196,389,58,132,0.1491,False
FKDEV00197,502,92,146,0.1833,False
FKDEV00198,323,24,191,0.0743,False
FKDEV00199,18,4,8,0.2222,False
FKDEV00200,127,17,70,0.1339,False
FKDEV00201,10,1,8,0.1,False
FKDEV00202,233,26,85,0.1116,False
FKDEV00203,794,105,338,0.1322,False
FKDEV00204,503,126,218,0.2505,True
FKDEV00205,59,2,19,0.0339,False
FKDEV00206,110,14,41,0.1273,False
FKDEV00207,504,137,229,0.2718,True
FKDEV00208,101,21,45,0.2079,False
FKDEV00209,616,88,213,0.1429,False
FKDEV00210,86,7,28,0.0814,False
FKDEV00211,52,20,22,0.3846,True
FKDEV00212,53,3,37,0.0566,False
FKDEV00213,81,21,54,0.2593,True
FKDEV00214,4,0,4,0.0,False
FKDEV00215,1185,276,457,0.2329,False
FKDEV00216,384,29,203,0.0755,False
FKDEV00217,59,3,26,0.0508,False
FKDEV00218,26,8,17,0.3077,True
FKDEV00219,68,14,28,0.2059,False
FKDEV00220,151,11,83,0.0728,False
FKDEV00221,190,36,143,0.1895,False
FKDEV00222,346,59,113,0.1705,False
FKDEV00223,95,10,19,0.1053,False
FKDEV00224,732,100,247,0.1366,False
FKDEV00225,53,3,43,0.0566,False
FKDEV00226,232,50,51,0.2155,False
FKDEV00227,586,222,192,0.3788,True
FKDEV00228,43,3,25,0.0698,False
FKDEV00229,1430,335,564,0.2343,False
FKDEV00230,373,64,107,0.1716,False
FKDEV00231,36,0,2,0.0,False
FKDEV00232,36,6,10,0.1667,False
FKDEV00233,377,47,104,0.1247,False
FKDEV00234,6,0,5,0.0,False
FKDEV00235,68,6,49,0.0882,False
FKDEV00236,385,24,159,0.0623,False
FKDEV00237,239,5,106,0.0209,False
FKDEV00238,14,0,7,0.0,False
FKDEV00239,26,1,24,0.0385,False
FKDEV00240,58,6,30,0.1034,False
FKDEV00241,992,115,448,0.1159,False
FKDEV00242,336,43,132,0.128,False
FKDEV00243,340,66,125,0.1941,False
FKDEV00244,26,4,8,0.1538,False
FKDEV00245,88,17,49,0.1932,False
FKDEV00246,89,6,23,0.0674,False
FKDEV00247,36,3,22,0.0833,False
FKDEV00248,52,6,23,0.1154,False
FKDEV00249,642,127,184,0.1978,False
FKDEV00250,28,0,4,0.0,False
FKDEV00251,8,4,2,0.5,True
FKDEV00252,9,0,2,0.0,False
FKDEV00253,305,139,141,0.4557,True
FKDEV00254,31,0,2,0.0,False
FKDEV00255,110,36,57,0.3273,True
FKDEV00256,62,3,9,0.0484,False
FKDEV00257,165,7,62,0.0424,False
FKDEV00258,7,1,4,0.1429,False
FKDEV00259,449,98,141,0.2183,False
FKDEV00260,24,2,15,0.0833,False
FKDEV00261,120,24,68,0.2,False
FKDEV00262,751,85,250,0.1132,False
FKDEV00263,314,42,245,0.1338,False
FKDEV00264,8,1,6,0.125,False
FKDEV00265,362,107,160,0.2956,True
FKDEV00266,63,3,15,0.0476,False
FKDEV00267,806,50,283,0.062,False
FKDEV00268,104,5,29,0.0481,False
FKDEV00269,14,4,5,0.2857,True
FKDEV00270,1545,190,820,0.123,False
FKDEV00271,13,0,6,0.0,False
FKDEV00272,4,0,3,0.0,False
FKDEV00273,110,9,48,0.0818,False
FKDEV00274,10,0,9,0.0,False
FKDEV00275,338,53,149,0.1568,False
FKDEV00276,46,7,24,0.1522,False
FKDEV00277,117,11,57,0.094,False
FKDEV00278,570,160,191,0.2807,True
FKDEV00279,28,1,4,0.0357,False
FKDEV00280,6,0,5,0.0,False
FKDEV00281,76,16,39,0.2105,False
FKDEV00282,224,27,112,0.1205,False
FKDEV00283,74,9,23,0.1216,False
FKDEV00284,51,8,2,0.1569,False
FKDEV00285,167,26,95,0.1557,False
FKDEV00286,193,34,78,0.1762,False
FKDEV00287,106,17,60,0.1604,False
FKDEV00288,514,63,154,0.1226,False
FKDEV00289,93,45,19,0.4839,True
FKDEV00290,171,23,126,0.1345,False
FKDEV00291,109,34,41,0.3119,True
FKDEV00292,306,21,95,0.0686,False
FKDEV00293,233,70,64,0.3004,True
FKDEV00294,362,79,205,0.2182,False
FKDEV00295,16,2,10,0.125,False
FKDEV00296,59,4,19,0.0678,False
FKDEV00297,799,64,367,0.0801,False
FKDEV00298,415,40,117,0.0964,False
FKDEV00299,1222,262,527,0.2144,False
FKDEV00300,550,116,309,0.2109,False
FKDEV00301,13,0,0,0.0,False
FKDEV00302,196,22,129,0.1122,False
FKDEV00303,317,18,31,0.0568,False
FKDEV00304,49,5,19,0.102,False
FKDEV00305,782,186,390,0.2379,False
FKDEV00306,414,52,189,0.1256,False
FKDEV00307,301,34,146,0.113,False
FKDEV00308,100,4,37,0.04,False
FKDEV00309,57,6,44,0.1053,False
FKDEV00310,158,8,36,0.0506,False
FKDEV00311,205,39,92,0.1902,False
FKDEV00312,287,63,121,0.2195,False
FKDEV00313,45,6,24,0.1333,False
FKDEV00314,156,24,35,0.1538,False
FKDEV00315,120,7,39,0.0583,False
FKDEV00316,312,86,134,0.2756,True
FKDEV00317,259,69,78,0.2664,True
FKDEV00318,133,11,58,0.0827,False
FKDEV00319,1002,157,400,0.1567,False
FKDEV00320,1069,175,487,0.1637,False
FKDEV00321,3,0,1,0.0,False
FKDEV00322,331,91,142,0.2749,True
FKDEV00323,726,68,289,0.0937,False
FKDEV00324,230,53,80,0.2304,False
FKDEV00325,52,32,16,0.6154,True
FKDEV00326,27,3,7,0.1111,False
FKDEV00327,122,24,49,0.1967,False
FKDEV00328,1404,281,447,0.2001,False
FKDEV00329,58,5,29,0.0862,False
FKDEV00330,294,81,118,0.2755,True
FKDEV00331,34,4,18,0.1176,False
FKDEV00332,251,20,107,0.0797,False
FKDEV00333,1879,378,857,0.2012,False
FKDEV00334,249,17,152,0.0683,False
FKDEV00335,54,4,15,0.0741,False
FKDEV00336,110,12,35,0.1091,False
FKDEV00337,229,33,69,0.1441,False
FKDEV00338,97,7,49,0.0722,False
FKDEV00339,1745,347,760,0.1989,False
FKDEV00340,303,42,197,0.1386,False
FKDEV00341,324,43,97,0.1327,False
FKDEV00342,543,5,39,0.0092,False
FKDEV00343,202,13,157,0.0644,False
FKDEV00344,125,9,77,0.072,False
FKDEV00345,28,0,2,0.0,False
FKDEV00346,171,21,47,0.1228,False
FKDEV00347,267,33,167,0.1236,False
FKDEV00348,4,0,2,0.0,False
FKDEV00349,575,69,246,0.12,False
FKDEV00350,36,1,4,0.0278,False
FKDEV00351,153,25,36,0.1634,False
FKDEV00352,259,21,185,0.0811,False
FKDEV00353,40,13,16,0.325,True
FKDEV00354,4,0,4,0.0,False
FKDEV00355,128,15,34,0.1172,False
FKDEV00356,182,17,76,0.0934,False
FKDEV00357,177,17,95,0.096,False
FKDEV00358,25,6,14,0.24,False
FKDEV00359,166,69,78,0.4157,True
FKDEV00360,4,1,1,0.25,False
FKDEV00361,81,14,32,0.1728,False
FKDEV00362,197,37,118,0.1878,False
FKDEV00363,58,0,21,0.0,False
FKDEV00364,1033,101,492,0.0978,False
FKDEV00365,50,7,29,0.14,False
FKDEV00366,227,11,127,0.0485,False
FKDEV00367,56,10,42,0.1786,False
FKDEV00368,539,36,174,0.0668,False
FKDEV00369,788,59,227,0.0749,False
FKDEV00370,244,39,24,0.1598,False
FKDEV00371,101,16,27,0.1584,False
FKDEV00372,526,177,228,0.3365,True
FKDEV00373,47,5,27,0.1064,False
FKDEV00374,64,13,16,0.2031,False
FKDEV00375,100,19,58,0.19,False
FKDEV00376,688,50,198,0.0727,False
FKDEV00377,10,1,6,0.1,False
FKDEV00378,20,4,16,0.2,False
FKDEV00379,81,2,29,0.0247,False
FKDEV00380,1202,132,437,0.1098,False
FKDEV00381,384,53,139,0.138,False
FKDEV00382,1178,171,647,0.1452,False
FKDEV00383,210,50,137,0.2381,False
FKDEV00384,397,163,98,0.4106,True
FKDEV00385,80,28,52,0.35,True
FKDEV00386,44,6,21,0.1364,False
FKDEV00387,950,202,357,0.2126,False
FKDEV00388,143,32,69,0.2238,False
FKDEV00389,46,13,33,0.2826,True
FKDEV00390,723,124,188,0.1715,False
FKDEV00391,2,1,1,0.5,True
FKDEV00392,452,82,216,0.1814,False
FKDEV00393,587,37,280,0.063,False
FKDEV00394,857,89,393,0.1039,False
FKDEV00395,182,21,91,0.1154,False
FKDEV00396,381,70,205,0.1837,False
FKDEV00397,637,119,209,0.1868,False
FKDEV00398,215,24,35,0.1116,False
FKDEV00399,150,34,49,0.2267,False
FKDEV00400,480,103,279,0.2146,False
FKDEV00401,64,8,56,0.125,False
FKDEV00402,36,6,29,0.1667,False
FKDEV00403,128,19,38,0.1484,False
FKDEV00404,73,14,42,0.1918,False
FKDEV00405,839,136,212,0.1621,False
FKDEV00406,21,5,9,0.2381,False
FKDEV00407,46,7,26,0.1522,False
FKDEV00408,296,56,208,0.1892,False
FKDEV00409,30,6,23,0.2,False
FKDEV00410,235,25,36,0.1064,False
FKDEV00411,33,3,8,0.0909,False
FKDEV00412,73,21,49,0.2877,True
FKDEV00413,100,12,78,0.12,False
FKDEV00414,8,0,3,0.0,False
FKDEV00415,8,1,2,0.125,False
FKDEV00416,166,9,80,0.0542,False
FKDEV00417,131,59,69,0.4504,True
FKDEV00418,128,7,24,0.0547,False
FKDEV00419,122,10,47,0.082,False
FKDEV00420,61,19,33,0.3115,True
FKDEV00421,25,0,0,0.0,False
FKDEV00422,411,69,154,0.1679,False
FKDEV00423,13,1,12,0.0769,False
FKDEV00424,244,42,131,0.1721,False
FKDEV00425,5,2,2,0.4,True
FKDEV00426,130,24,51,0.1846,False
FKDEV00427,886,179,179,0.202,False
FKDEV00428,688,58,279,0.0843,False
FKDEV00429,119,59,28,0.4958,True
FKDEV00430,284,30,104,0.1056,False
FKDEV00431,131,26,51,0.1985,False
FKDEV00432,57,1,35,0.0175,False
FKDEV00433,134,21,44,0.1567,False
FKDEV00434,226,48,116,0.2124,False
FKDEV00435,128,39,44,0.3047,True
FKDEV00436,87,12,36,0.1379,False
FKDEV00437,762,226,210,0.2966,True
FKDEV00438,613,166,162,0.2708,True
FKDEV00439,200,63,69,0.315,True
FKDEV00440,922,201,374,0.218,False
FKDEV00441,23,4,11,0.1739,False
FKDEV00442,189,5,44,0.0265,False
FKDEV00443,1275,226,542,0.1773,False
FKDEV00444,394,85,122,0.2157,False
FKDEV00445,575,121,349,0.2104,False
FKDEV00446,42,4,25,0.0952,False
FKDEV00447,59,22,29,0.3729,True
FKDEV00448,8,2,2,0.25,False
FKDEV00449,111,7,53,0.0631,False
FKDEV00450,24,1,23,0.0417,False
FKDEV00451,322,39,153,0.1211,False
FKDEV00452,737,93,51,0.1262,False
FKDEV00453,46,1,18,0.0217,False
FKDEV00454,37,0,0,0.0,False
FKDEV00455,66,0,7,0.0,False
FKDEV00456,10,3,4,0.3,True
FKDEV00457,81,3,34,0.037,False
FKDEV00458,60,2,35,0.0333,False
FKDEV00459,276,94,61,0.3406,True
FKDEV00460,112,18,56,0.1607,False
FKDEV00461,120,12,65,0.1,False
FKDEV00462,143,37,73,0.2587,True
FKDEV00463,5,0,2,0.0,False
FKDEV00464,42,2,10,0.0476,False
FKDEV00465,121,27,41,0.2231,False
FKDEV00466,51,12,12,0.2353,False
FKDEV00467,25,0,9,0.0,False
FKDEV00468,12,3,5,0.25,False
FKDEV00469,24,2,1,0.0833,False
FKDEV00470,2,0,1,0.0,False
FKDEV00471,12,0,1,0.0,False
FKDEV00472,132,2,16,0.0152,False
FKDEV00473,26,6,14,0.2308,False
FKDEV00474,458,56,166,0.1223,False
FKDEV00475,24,5,4,0.2083,False
FKDEV00476,24,5,11,0.2083,False
FKDEV00477,520,100,199,0.1923,False
FKDEV00478,90,24,48,0.2667,True
FKDEV00479,61,20,33,0.3279,True
FKDEV00480,24,7,9,0.2917,True
FKDEV00481,9,1,4,0.1111,False
FKDEV00482,86,19,54,0.2209,False
FKDEV00483,59,8,43,0.1356,False
FKDEV00484,12,3,2,0.25,False
FKDEV00485,438,75,151,0.1712,False
FKDEV00486,35,10,20,0.2857,True
FKDEV00487,29,20,4,0.6897,True
FKDEV00488,337,30,150,0.089,False
FKDEV00489,141,17,52,0.1206,False
FKDEV00490,68,12,8,0.1765,False
FKDEV00491,309,35,131,0.1133,False
FKDEV00492,12,1,9,0.0833,False
FKDEV00493,118,24,71,0.2034,False
FKDEV00494,856,212,245,0.2477,False
FKDEV00495,125,21,70,0.168,False
FKDEV00496,430,89,148,0.207,False
FKDEV00497,7,0,6,0.0,False
FKDEV00498,19,3,7,0.1579,False
FKDEV00499,310,54,225,0.1742,False
FKDEV00500,114,14,78,0.1228,False
FKDEV00501,415,55,129,0.1325,False
FKDEV00502,595,65,158,0.1092,False
FKDEV00503,56,8,39,0.1429,False
FKDEV00504,77,2,20,0.026,False
FKDEV00505,206,44,145,0.2136,False
FKDEV00506,22,4,12,0.1818,False
FKDEV00507,49,9,28,0.1837,False
FKDEV00508,51,9,34,0.1765,False
FKDEV00509,50,1,29,0.02,False
FKDEV00510,79,1,4,0.0127,False
FKDEV00511,5,0,1,0.0,False
FKDEV00512,287,17,147,0.0592,False
FKDEV00513,78,5,31,0.0641,False
FKDEV00514,28,4,1,0.1429,False
FKDEV00515,293,38,130,0.1297,False
FKDEV00516,98,39,22,0.398,True
FKDEV00517,44,4,4,0.0909,False
FKDEV00518,546,64,235,0.1172,False
FKDEV00519,692,139,242,0.2009,False
FKDEV00520,63,6,35,0.0952,False
FKDEV00521,67,4,28,0.0597,False
FKDEV00522,29,4,15,0.1379,False
FKDEV00523,75,7,17,0.0933,False
FKDEV00524,160,10,30,0.0625,False
FKDEV00525,5,0,0,0.0,False
FKDEV00526,4,0,0,0.0,False
FKDEV00527,155,33,94,0.2129,False
FKDEV00528,61,6,25,0.0984,False
FKDEV00529,263,39,14,0.1483,False
FKDEV00530,2,0,2,0.0,False
FKDEV00531,790,66,213,0.0835,False
FKDEV00532,102,13,45,0.1275,False
FKDEV00533,23,3,15,0.1304,False
FKDEV00534,163,15,73,0.092,False
FKDEV00535,13,1,5,0.0769,False
FKDEV00536,97,14,34,0.1443,False
FKDEV00537,60,18,30,0.3,True
FKDEV00538,106,62,28,0.5849,True
FKDEV00539,243,19,107,0.0782,False
FKDEV00540,387,72,239,0.186,False
FKDEV00541,41,1,2,0.0244,False
FKDEV00542,249,52,171,0.2088,False
FKDEV00543,28,4,13,0.1429,False
FKDEV00544,415,122,97,0.294,True
FKDEV00545,37,10,26,0.2703,True
FKDEV00546,16,2,10,0.125,False
FKDEV00547,37,2,22,0.0541,False
FKDEV00548,8,0,4,0.0,False
FKDEV00549,8,0,7,0.0,False
FKDEV00550,120,14,72,0.1167,False
FKDEV00551,37,3,11,0.0811,False
FKDEV00552,3,0,3,0.0,False
FKDEV00553,15,0,8,0.0,False
FKDEV00554,37,14,19,0.3784,True
FKDEV00555,145,27,80,0.1862,False
FKDEV00556,427,126,144,0.2951,True
FKDEV00557,172,27,72,0.157,False
FKDEV00558,193,28,63,0.1451,False
FKDEV00559,841,128,265,0.1522,False
FKDEV00560,117,28,79,0.2393,False
FKDEV00561,504,187,181,0.371,True
FKDEV00562,53,4,4,0.0755,False
FKDEV00563,60,4,19,0.0667,False
FKDEV00564,641,128,203,0.1997,False
FKDEV00565,36,3,6,0.0833,False
FKDEV00566,1054,313,392,0.297,True
FKDEV00567,53,12,38,0.2264,False
FKDEV00568,464,113,131,0.2435,False
FKDEV00569,457,67,207,0.1466,False
FKDEV00570,243,21,11,0.0864,False
FKDEV00571,19,5,11,0.2632,True
FKDEV00572,300,21,89,0.07,False
FKDEV00573,593,56,118,0.0944,False
FKDEV00574,13,2,5,0.1538,False
FKDEV00575,41,1,11,0.0244,False
FKDEV00576,117,19,45,0.1624,False
FKDEV00577,569,33,71,0.058,False
FKDEV00578,10,0,2,0.0,False
FKDEV00579,368,30,174,0.0815,False
FKDEV00580,6,2,1,0.3333,True
FKDEV00581,42,9,14,0.2143,False
FKDEV00582,29,0,0,0.0,False
FKDEV00583,9,0,0,0.0,False
FKDEV00584,39,5,0,0.1282,False
FKDEV00585,13,9,2,0.6923,True
FKDEV00586,136,53,36,0.3897,True
FKDEV00587,12,0,7,0.0,False
FKDEV00588,311,38,171,0.1222,False
FKDEV00589,545,82,301,0.1505,False
FKDEV00590,13,7,2,0.5385,True
FKDEV00591,638,36,144,0.0564,False
FKDEV00592,46,18,16,0.3913,True
FKDEV00593,18,0,8,0.0,False
FKDEV00594,179,12,16,0.067,False
FKDEV00595,715,42,447,0.0587,False
FKDEV00596,12,1,6,0.0833,False
FKDEV00597,20,1,9,0.05,False
FKDEV00598,9,0,0,0.0,False
FKDEV00599,494,11,68,0.0223,False
FKDEV00600,43,4,5,0.093,False
FKDEV00601,112,30,76,0.2679,True
FKDEV00602,40,2,17,0.05,False
FKDEV00603,562,178,174,0.3167,True
FKDEV00604,160,9,57,0.0562,False
FKDEV00605,8,2,3,0.25,False
FKDEV00606,46,3,10,0.0652,False
FKDEV00607,163,26,24,0.1595,False
FKDEV00608,18,0,10,0.0,False
FKDEV00609,351,28,108,0.0798,False
FKDEV00610,104,18,58,0.1731,False
FKDEV00611,12,0,0,0.0,False
FKDEV00612,31,0,4,0.0,False
FKDEV00613,244,19,70,0.0779,False
FKDEV00614,21,5,6,0.2381,False
FKDEV00615,183,22,43,0.1202,False
FKDEV00616,3,0,0,0.0,False
FKDEV00617,140,6,101,0.0429,False
FKDEV00618,604,80,350,0.1325,False
FKDEV00619,7,0,1,0.0,False
FKDEV00620,42,6,25,0.1429,False
FKDEV00621,52,4,12,0.0769,False
FKDEV00622,848,313,286,0.3691,True
FKDEV00623,33,1,28,0.0303,False
FKDEV00624,82,15,24,0.1829,False
FKDEV00625,85,14,42,0.1647,False
FKDEV00626,64,2,45,0.0312,False
FKDEV00627,214,25,71,0.1168,False
FKDEV00628,306,42,42,0.1373,False
FKDEV00629,256,77,92,0.3008,True
FKDEV00630,17,2,12,0.1176,False
FKDEV00631,122,19,58,0.1557,False
FKDEV00632,168,16,84,0.0952,False
FKDEV00633,2,0,0,0.0,False
FKDEV00634,621,126,128,0.2029,False
FKDEV00635,122,29,27,0.2377,False
FKDEV00636,4,0,1,0.0,False
FKDEV00637,218,15,112,0.0688,False
FKDEV00638,41,0,2,0.0,False
FKDEV00639,59,8,10,0.1356,False
FKDEV00640,328,82,198,0.25,False
FKDEV00641,267,47,120,0.176,False
FKDEV00642,43,6,26,0.1395,False
FKDEV00643,547,73,102,0.1335,False
FKDEV00644,186,24,78,0.129,False
FKDEV00645,814,35,279,0.043,False
FKDEV00646,561,83,130,0.148,False
FKDEV00647,245,17,91,0.0694,False
FKDEV00648,589,145,172,0.2462,False
FKDEV00649,237,30,83,0.1266,False
FKDEV00650,1,0,0,0.0,False
FKDEV00651,199,13,79,0.0653,False
FKDEV00652,30,0,0,0.0,False
FKDEV00653,1175,149,252,0.1268,False
FKDEV00654,64,19,38,0.2969,True
FKDEV00655,494,61,215,0.1235,False
FKDEV00656,36,8,19,0.2222,False
FKDEV00657,245,41,60,0.1673,False
FKDEV00658,1529,429,266,0.2806,True
FKDEV00659,678,203,248,0.2994,True
FKDEV00660,75,7,24,0.0933,False
FKDEV00661,1382,241,607,0.1744,False
FKDEV00662,834,230,528,0.2758,True
FKDEV00663,193,43,74,0.2228,False
FKDEV00664,281,52,77,0.1851,False
FKDEV00665,198,7,92,0.0354,False
FKDEV00666,99,13,21,0.1313,False
FKDEV00667,331,15,118,0.0453,False
FKDEV00668,15,0,13,0.0,False
FKDEV00669,92,26,41,0.2826,True
FKDEV00670,68,10,26,0.1471,False
FKDEV00671,152,20,53,0.1316,False
FKDEV00672,24,0,4,0.0,False
FKDEV00673,34,5,25,0.1471,False
FKDEV00674,168,37,118,0.2202,False
FKDEV00675,83,2,37,0.0241,False
FKDEV00676,150,17,45,0.1133,False
FKDEV00677,325,79,128,0.2431,False
FKDEV00678,323,109,91,0.3375,True
FKDEV00679,24,7,8,0.2917,True
FKDEV00680,23,3,14,0.1304,False
FKDEV00681,46,17,18,0.3696,True
FKDEV00682,1,0,0,0.0,False
FKDEV00683,27,5,0,0.1852,False
FKDEV00684,56,1,1,0.0179,False
FKDEV00685,89,14,28,0.1573,False
FKDEV00686,456,62,155,0.136,False
FKDEV00687,27,4,22,0.1481,False
FKDEV00688,136,19,56,0.1397,False
FKDEV00689,506,66,174,0.1304,False
FKDEV00690,146,18,35,0.1233,False
FKDEV00691,67,12,34,0.1791,False
FKDEV00692,308,34,125,0.1104,False
FKDEV00693,112,32,74,0.2857,True
FKDEV00694,13,1,10,0.0769,False
FKDEV00695,155,42,55,0.271,True
FKDEV00696,603,164,293,0.272,True
FKDEV00697,104,7,59,0.0673,False
FKDEV00698,78,4,20,0.0513,False
FKDEV00699,16,5,6,0.3125,True
FKDEV00700,478,77,199,0.1611,False
FKDEV00701,56,1,6,0.0179,False
FKDEV00702,748,51,141,0.0682,False
FKDEV00703,481,25,35,0.052,False
FKDEV00704,16,12,4,0.75,True
FKDEV00705,510,91,206,0.1784,False
FKDEV00706,36,1,21,0.0278,False
FKDEV00707,151,20,103,0.1325,False
FKDEV00708,32,7,16,0.2188,False
FKDEV00709,29,1,2,0.0345,False
FKDEV00710,228,20,57,0.0877,False
FKDEV00711,336,8,145,0.0238,False
FKDEV00712,296,46,146,0.1554,False
FKDEV00713,135,16,57,0.1185,False
FKDEV00714,308,42,134,0.1364,False
FKDEV00715,17,5,3,0.2941,True
FKDEV00716,18,0,3,0.0,False
FKDEV00717,213,9,49,0.0423,False
FKDEV00718,47,8,15,0.1702,False
FKDEV00719,243,44,106,0.1811,False
FKDEV00720,315,14,83,0.0444,False
FKDEV00721,432,55,202,0.1273,False
FKDEV00722,122,17,51,0.1393,False
FKDEV00723,209,21,87,0.1005,False
FKDEV00724,367,55,140,0.1499,False
FKDEV00725,319,22,81,0.069,False
FKDEV00726,206,21,90,0.1019,False
FKDEV00727,33,0,10,0.0,False
FKDEV00728,13,9,3,0.6923,True
FKDEV00729,262,92,91,0.3511,True
FKDEV00730,88,19,42,0.2159,False
FKDEV00731,52,5,25,0.0962,False
FKDEV00732,120,30,45,0.25,False
FKDEV00733,3,0,2,0.0,False
FKDEV00734,54,7,12,0.1296,False
FKDEV00735,11,1,7,0.0909,False
FKDEV00736,190,24,100,0.1263,False
FKDEV00737,8,0,4,0.0,False
FKDEV00738,94,19,11,0.2021,False
FKDEV00739,1,0,0,0.0,False
FKDEV00740,46,2,35,0.0435,False
FKDEV00741,29,8,8,0.2759,True
FKDEV00742,5,1,0,0.2,False
FKDEV00743,48,2,2,0.0417,False
FKDEV00744,100,29,51,0.29,True
FKDEV00745,64,4,16,0.0625,False
FKDEV00746,16,2,8,0.125,False
FKDEV00747,2,0,1,0.0,False
FKDEV00748,131,25,44,0.1908,False
FKDEV00749,259,4,137,0.0154,False
FKDEV00750,226,22,51,0.0973,False
FKDEV00751,764,98,317,0.1283,False
FKDEV00752,86,5,0,0.0581,False
FKDEV00753,27,5,2,0.1852,False
FKDEV00754,563,68,259,0.1208,False
FKDEV00755,60,4,16,0.0667,False
FKDEV00756,52,7,17,0.1346,False
FKDEV00757,179,29,81,0.162,False
FKDEV00758,28,3,12,0.1071,False
FKDEV00759,69,20,43,0.2899,True
FKDEV00760,99,4,4,0.0404,False
FKDEV00761,176,34,24,0.1932,False
FKDEV00762,154,43,26,0.2792,True
FKDEV00763,364,55,112,0.1511,False
FKDEV00764,10,1,8,0.1,False
FKDEV00765,101,29,38,0.2871,True
FKDEV00766,255,35,51,0.1373,False
FKDEV00767,27,5,20,0.1852,False
FKDEV00768,283,59,110,0.2085,False
FKDEV00769,140,8,60,0.0571,False
FKDEV00770,4,0,3,0.0,False
FKDEV00771,56,13,25,0.2321,False
FKDEV00772,10,1,6,0.1,False
FKDEV00773,610,64,43,0.1049,False
FKDEV00774,42,10,20,0.2381,False
FKDEV00775,101,20,35,0.198,False
FKDEV00776,51,3,20,0.0588,False
FKDEV00777,9,0,2,0.0,False
FKDEV00778,195,65,62,0.3333,True
FKDEV00779,902,213,197,0.2361,False
FKDEV00780,11,2,5,0.1818,False
FKDEV00781,72,5,57,0.0694,False
FKDEV00782,28,2,12,0.0714,False
FKDEV00783,81,10,42,0.1235,False
FKDEV00784,249,41,117,0.1647,False
FKDEV00785,14,1,2,0.0714,False
FKDEV00786,114,12,23,0.1053,False
FKDEV00787,600,83,251,0.1383,False
FKDEV00788,206,20,69,0.0971,False
FKDEV00789,9,3,1,0.3333,True
FKDEV00790,9,1,5,0.1111,False
FKDEV00791,46,4,13,0.087,False
FKDEV00792,304,92,148,0.3026,True
FKDEV00793,256,57,26,0.2227,False
FKDEV00794,21,3,13,0.1429,False
FKDEV00795,124,22,62,0.1774,False
FKDEV00796,231,46,88,0.1991,False
FKDEV00797,739,66,107,0.0893,False
FKDEV00798,10,1,9,0.1,False
FKDEV00799,4,1,3,0.25,False
FKDEV00800,211,27,180,0.128,False
FKDEV00801,322,44,169,0.1366,False
FKDEV00802,31,3,1,0.0968,False
FKDEV00803,30,1,2,0.0333,False
FKDEV00804,69,4,58,0.058,False
FKDEV00805,335,63,78,0.1881,False
FKDEV00806,4,0,0,0.0,False
FKDEV00807,158,27,60,0.1709,False
FKDEV00808,9,2,7,0.2222,False
FKDEV00809,524,133,190,0.2538,True
FKDEV00810,4,2,1,0.5,True
FKDEV00811,63,3,10,0.0476,False
FKDEV00812,149,26,56,0.1745,False
FKDEV00813,303,65,112,0.2145,False
FKDEV00814,9,0,2,0.0,False
FKDEV00815,17,0,7,0.0,False
FKDEV00816,27,3,21,0.1111,False
FKDEV00817,45,8,27,0.1778,False
FKDEV00818,29,4,9,0.1379,False
FKDEV00819,141,16,59,0.1135,False
FKDEV00820,41,0,6,0.0,False
FKDEV00821,39,5,1,0.1282,False
FKDEV00822,76,2,39,0.0263,False
FKDEV00823,59,6,23,0.1017,False
FKDEV00824,35,2,19,0.0571,False
FKDEV00825,19,2,16,0.1053,False
FKDEV00826,84,7,15,0.0833,False
FKDEV00827,277,55,161,0.1986,False
FKDEV00828,328,37,161,0.1128,False
FKDEV00829,303,15,13,0.0495,False
FKDEV00830,15,0,7,0.0,False
FKDEV00831,141,13,58,0.0922,False
FKDEV00832,26,3,10,0.1154,False
FKDEV00833,60,0,11,0.0,False
FKDEV00834,35,8,20,0.2286,False
FKDEV00835,29,3,2,0.1034,False
FKDEV00836,158,44,100,0.2785,True
FKDEV00837,18,3,11,0.1667,False
FKDEV00838,270,102,32,0.3778,True
FKDEV00839,195,42,63,0.2154,False
FKDEV00840,158,18,50,0.1139,False
FKDEV00841,495,88,150,0.1778,False
FKDEV00842,22,5,13,0.2273,False
FKDEV00843,27,0,0,0.0,False
FKDEV00844,9,0,0,0.0,False
FKDEV00845,53,7,21,0.1321,False
FKDEV00846,10,0,0,0.0,False
FKDEV00847,1,0,0,0.0,False
FKDEV00848,93,9,54,0.0968,False
FKDEV00849,4,0,0,0.0,False
FKDEV00850,121,31,29,0.2562,True
FKDEV00851,95,2,21,0.0211,False
FKDEV00852,358,64,62,0.1788,False
FKDEV00853,89,15,54,0.1685,False
FKDEV00854,29,10,3,0.3448,True
FKDEV00855,3,0,0,0.0,False
FKDEV00856,9,3,5,0.3333,True
FKDEV00857,5,1,3,0.2,False
FKDEV00858,160,7,10,0.0438,False
FKDEV00859,77,14,33,0.1818,False
FKDEV00860,138,13,64,0.0942,False
FKDEV00861,20,12,5,0.6,True
FKDEV00862,117,20,34,0.1709,False
FKDEV00863,25,0,6,0.0,False
FKDEV00864,89,16,38,0.1798,False
FKDEV00865,25,3,0,0.12,False
FKDEV00866,23,0,3,0.0,False
FKDEV00867,65,6,32,0.0923,False
FKDEV00868,14,3,11,0.2143,False
FKDEV00869,36,8,10,0.2222,False
FKDEV00870,98,10,58,0.102,False
FKDEV00871,3,0,1,0.0,False
FKDEV00872,19,2,11,0.1053,False
FKDEV00873,36,9,26,0.25,False
FKDEV00874,214,20,59,0.0935,False
FKDEV00875,18,1,8,0.0556,False
FKDEV00876,75,14,20,0.1867,False
FKDEV00877,41,1,20,0.0244,False
FKDEV00878,13,1,0,0.0769,False
FKDEV00879,19,8,10,0.4211,True
FKDEV00880,207,27,77,0.1304,False
FKDEV00881,78,38,30,0.4872,True
FKDEV00882,12,0,12,0.0,False
FKDEV00883,24,1,1,0.0417,False
FKDEV00884,83,25,39,0.3012,True
FKDEV00885,164,14,60,0.0854,False
FKDEV00886,50,10,11,0.2,False
FKDEV00887,78,2,45,0.0256,False
FKDEV00888,31,1,4,0.0323,False
FKDEV00889,1,0,1,0.0,False
FKDEV00890,219,3,13,0.0137,False
FKDEV00891,66,5,19,0.0758,False
FKDEV00892,13,4,6,0.3077,True
FKDEV00893,174,15,74,0.0862,False
FKDEV00894,45,22,13,0.4889,True
FKDEV00895,210,38,139,0.181,False
FKDEV00896,6,0,0,0.0,False
FKDEV00897,35,1,21,0.0286,False
FKDEV00898,4,0,1,0.0,False
FKDEV00899,27,6,1,0.2222,False
FKDEV00900,22,1,16,0.0455,False
FKDEV00901,1,0,0,0.0,False
FKDEV00902,42,3,16,0.0714,False
FKDEV00903,106,5,1,0.0472,False
FKDEV00904,221,5,84,0.0226,False
FKDEV00905,75,4,23,0.0533,False
FKDEV00906,61,1,15,0.0164,False
FKDEV00907,26,2,14,0.0769,False
FKDEV00908,89,5,29,0.0562,False
FKDEV00909,249,42,25,0.1687,False
FKDEV00910,29,2,12,0.069,False
FKDEV00911,67,5,20,0.0746,False
FKDEV00912,314,87,42,0.2771,True
FKDEV00913,120,23,54,0.1917,False
FKDEV00914,61,14,32,0.2295,False
FKDEV00915,49,3,45,0.0612,False
FKDEV00916,11,0,2,0.0,False
FKDEV00917,160,13,101,0.0812,False
FKDEV00918,41,5,19,0.122,False
FKDEV00919,6,0,0,0.0,False
FKDEV00920,3,0,1,0.0,False
FKDEV00921,2,1,1,0.5,True
FKDEV00922,17,4,6,0.2353,False
FKDEV00923,29,5,5,0.1724,False
FKDEV00924,4,0,0,0.0,False
FKDEV00925,3,0,3,0.0,False
FKDEV00926,152,44,65,0.2895,True
FKDEV00927,5,0,0,0.0,False
FKDEV00928,3,2,0,0.6667,True
FKDEV00929,446,111,184,0.2489,False
FKDEV00930,27,3,17,0.1111,False
FKDEV00931,287,58,97,0.2021,False
FKDEV00932,83,9,23,0.1084,False
FKDEV00933,333,65,124,0.1952,False
FKDEV00934,6,4,0,0.6667,True
FKDEV00935,7,1,3,0.1429,False
FKDEV00936,144,16,29,0.1111,False
FKDEV00937,361,64,168,0.1773,False
FKDEV00938,107,3,56,0.028,False
FKDEV00939,2,2,0,1.0,True
FKDEV00940,20,5,0,0.25,False
FKDEV00941,31,3,12,0.0968,False
FKDEV00942,5,0,5,0.0,False
FKDEV00943,2,0,1,0.0,False
FKDEV00944,147,19,78,0.1293,False
FKDEV00945,61,15,33,0.2459,False
FKDEV00946,41,6,20,0.1463,False
FKDEV00947,20,1,11,0.05,False
FKDEV00948,103,55,41,0.534,True
FKDEV00949,214,40,43,0.1869,False
FKDEV00950,181,50,103,0.2762,True
FKDEV00951,215,11,77,0.0512,False
FKDEV00952,18,5,8,0.2778,True
FKDEV00953,24,1,7,0.0417,False
FKDEV00954,69,7,22,0.1014,False
FKDEV00955,116,39,51,0.3362,True
FKDEV00956,2,0,1,0.0,False
FKDEV00957,17,0,7,0.0,False
FKDEV00958,14,3,3,0.2143,False
FKDEV00959,11,1,3,0.0909,False
FKDEV00960,71,12,21,0.169,False
FKDEV00961,7,1,6,0.1429,False
FKDEV00962,18,1,3,0.0556,False
FKDEV00963,77,6,48,0.0779,False
FKDEV00964,57,13,19,0.2281,False
FKDEV00965,35,19,0,0.5429,True
FKDEV00966,29,10,7,0.3448,True
FKDEV00967,12,2,8,0.1667,False
FKDEV00968,26,1,8,0.0385,False
FKDEV00969,82,7,19,0.0854,False
FKDEV00970,14,1,4,0.0714,False
FKDEV00971,66,2,13,0.0303,False
FKDEV00972,44,11,19,0.25,False
FKDEV00973,31,1,8,0.0323,False
FKDEV00974,114,22,85,0.193,False
FKDEV00975,24,7,11,0.2917,True
FKDEV00976,74,9,20,0.1216,False
FKDEV00977,41,2,21,0.0488,False
FKDEV00978,21,0,0,0.0,False
FKDEV00979,1,0,0,0.0,False
FKDEV00980,104,17,52,0.1635,False
FKDEV00981,7,3,3,0.4286,True
FKDEV00982,49,13,13,0.2653,True
FKDEV00983,529,36,108,0.0681,False
FKDEV00984,161,8,13,0.0497,False
FKDEV00985,378,59,138,0.1561,False
FKDEV00986,14,0,4,0.0,False
FKDEV00987,6,1,1,0.1667,False
FKDEV00988,9,1,8,0.1111,False
FKDEV00989,15,2,5,0.1333,False
FKDEV00990,5,0,2,0.0,False
FKDEV00991,9,2,3,0.2222,False
FKDEV00992,4,1,3,0.25,False
FKDEV00993,4,2,2,0.5,True
FKDEV00994,4,0,2,0.0,False
FKDEV00995,28,3,14,0.1071,False
FKDEV00996,27,3,20,0.1111,False
FKDEV00997,12,0,1,0.0,False
FKDEV00998,86,10,20,0.1163,False
FKDEV00999,27,3,16,0.1111,False
FKDEV01000,24,1,17,0.0417,False
FKDEV01001,9,0,2,0.0,False
FKDEV01002,31,5,14,0.1613,False
FKDEV01003,55,8,26,0.1455,False
FKDEV01004,8,1,4,0.125,False
FKDEV01005,94,2,21,0.0213,False
FKDEV01006,69,9,40,0.1304,False
FKDEV01007,326,36,178,0.1104,False
FKDEV01008,41,12,14,0.2927,True
FKDEV01009,292,47,153,0.161,False
FKDEV01010,19,1,6,0.0526,False
FKDEV01011,525,44,274,0.0838,False
FKDEV01012,59,9,13,0.1525,False
FKDEV01013,6,0,3,0.0,False
FKDEV01014,36,0,0,0.0,False
FKDEV01015,20,0,3,0.0,False
FKDEV01016,3,0,0,0.0,False
FKDEV01017,112,7,25,0.0625,False
FKDEV01018,45,4,24,0.0889,False
FKDEV01019,1,0,0,0.0,False
FKDEV01020,119,10,1,0.084,False
FKDEV01021,79,6,23,0.0759,False
FKDEV01022,29,7,9,0.2414,False
FKDEV01023,3,0,1,0.0,False
FKDEV01024,51,12,26,0.2353,False
FKDEV01025,4,0,0,0.0,False
FKDEV01026,22,3,4,0.1364,False
FKDEV01027,16,3,7,0.1875,False
FKDEV01028,78,13,46,0.1667,False
FKDEV01029,74,20,34,0.2703,True
FKDEV01030,109,37,29,0.3394,True
FKDEV01031,294,43,113,0.1463,False
FKDEV01032,29,4,14,0.1379,False
FKDEV01033,45,0,0,0.0,False
FKDEV01034,1,0,1,0.0,False
FKDEV01035,59,11,22,0.1864,False
FKDEV01036,1,0,0,0.0,False
FKDEV01037,6,0,3,0.0,False
FKDEV01038,72,3,18,0.0417,False
FKDEV01039,18,2,1,0.1111,False
FKDEV01040,216,6,155,0.0278,False
FKDEV01041,102,6,30,0.0588,False
FKDEV01042,165,45,77,0.2727,True
FKDEV01043,38,2,21,0.0526,False
FKDEV01044,15,1,10,0.0667,False
FKDEV01045,2,1,0,0.5,True
FKDEV01046,56,11,26,0.1964,False
FKDEV01047,34,3,11,0.0882,False
FKDEV01048,32,0,5,0.0,False
FKDEV01049,169,31,54,0.1834,False
FKDEV01050,6,1,5,0.1667,False
FKDEV01051,129,6,79,0.0465,False
FKDEV01052,113,2,8,0.0177,False
FKDEV01053,39,2,20,0.0513,False
FKDEV01054,85,0,0,0.0,False
FKDEV01055,14,3,1,0.2143,False
FKDEV01056,16,1,8,0.0625,False
FKDEV01057,330,89,102,0.2697,True
FKDEV01058,52,5,13,0.0962,False
FKDEV01059,16,0,0,0.0,False
FKDEV01060,106,13,26,0.1226,False
FKDEV01061,25,4,17,0.16,False
FKDEV01062,2,0,1,0.0,False
FKDEV01063,18,0,0,0.0,False
FKDEV01064,45,4,11,0.0889,False
FKDEV01065,18,2,8,0.1111,False
FKDEV01066,47,1,18,0.0213,False
FKDEV01067,77,18,57,0.2338,False
FKDEV01068,44,4,1,0.0909,False
FKDEV01069,6,0,2,0.0,False
FKDEV01070,32,7,0,0.2188,False
FKDEV01071,11,0,0,0.0,False
FKDEV01072,8,3,4,0.375,True
FKDEV01073,3,0,1,0.0,False
FKDEV01074,46,0,19,0.0,False
FKDEV01075,874,104,393,0.119,False
FKDEV01076,64,12,7,0.1875,False
FKDEV01077,36,5,18,0.1389,False
FKDEV01078,72,15,36,0.2083,False
FKDEV01079,60,10,14,0.1667,False
FKDEV01080,35,0,0,0.0,False
FKDEV01081,11,0,2,0.0,False
FKDEV01082,5,1,0,0.2,False
FKDEV01083,126,17,77,0.1349,False
FKDEV01084,494,51,135,0.1032,False
FKDEV01085,74,14,34,0.1892,False
FKDEV01086,44,5,15,0.1136,False
FKDEV01087,7,2,1,0.2857,True
FKDEV01088,50,11,20,0.22,False
FKDEV01089,82,54,18,0.6585,True
FKDEV01090,1,0,1,0.0,False
FKDEV01091,37,5,7,0.1351,False
FKDEV01092,129,7,81,0.0543,False
FKDEV01093,15,0,9,0.0,False
FKDEV01094,2,0,2,0.0,False
FKDEV01095,44,3,11,0.0682,False
FKDEV01096,54,4,6,0.0741,False
FKDEV01097,12,4,0,0.3333,True
FKDEV01098,4,0,0,0.0,False
FKDEV01099,24,3,16,0.125,False
FKDEV01100,1,0,1,0.0,False
FKDEV01101,16,1,10,0.0625,False
FKDEV01102,14,2,9,0.1429,False
FKDEV01103,1,0,1,0.0,False
FKDEV01104,153,64,33,0.4183,True
FKDEV01105,155,14,84,0.0903,False
FKDEV01106,150,6,47,0.04,False
FKDEV01107,1,0,1,0.0,False
FKDEV01108,46,8,21,0.1739,False
FKDEV01109,173,23,114,0.1329,False
FKDEV01110,5,1,3,0.2,False
FKDEV01111,34,7,23,0.2059,False
FKDEV01112,53,7,40,0.1321,False
FKDEV01113,76,17,42,0.2237,False
FKDEV01114,17,5,6,0.2941,True
FKDEV01115,32,1,6,0.0312,False
FKDEV01116,224,72,124,0.3214,True
FKDEV01117,22,3,13,0.1364,False
FKDEV01118,48,8,29,0.1667,False
FKDEV01119,31,0,8,0.0,False
FKDEV01120,7,0,6,0.0,False
FKDEV01121,75,12,37,0.16,False
FKDEV01122,177,12,110,0.0678,False
FKDEV01123,16,0,16,0.0,False
FKDEV01124,141,48,73,0.3404,True
FKDEV01125,22,13,7,0.5909,True
FKDEV01126,59,1,52,0.0169,False
FKDEV01127,7,0,5,0.0,False
FKDEV01128,195,24,127,0.1231,False
FKDEV01129,84,9,61,0.1071,False
FKDEV01130,155,6,71,0.0387,False
FKDEV01131,169,59,72,0.3491,True
FKDEV01132,25,1,13,0.04,False
FKDEV01133,9,1,7,0.1111,False
FKDEV01134,463,102,310,0.2203,False
FKDEV01135,7,1,4,0.1429,False
FKDEV01136,104,37,54,0.3558,True
FKDEV01137,123,19,76,0.1545,False
FKDEV01138,22,2,20,0.0909,False
FKDEV01139,31,0,14,0.0,False
FKDEV01140,17,0,6,0.0,False
FKDEV01141,14,0,11,0.0,False
FKDEV01142,30,9,13,0.3,True
FKDEV01143,281,91,80,0.3238,True
FKDEV01144,16,5,5,0.3125,True
FKDEV01145,4,0,4,0.0,False
FKDEV01146,10,1,7,0.1,False
FKDEV01147,4,3,1,0.75,True
FKDEV01148,14,0,7,0.0,False
FKDEV01149,650,188,284,0.2892,True
FKDEV01150,46,4,12,0.087,False
FKDEV01151,47,3,2,0.0638,False
FKDEV01152,56,20,4,0.3571,True
FKDEV01153,59,16,31,0.2712,True
FKDEV01154,267,67,131,0.2509,True
FKDEV01155,54,1,19,0.0185,False
FKDEV01156,3,1,1,0.3333,True
FKDEV01157,76,22,49,0.2895,True
FKDEV01158,10,0,7,0.0,False
FKDEV01159,7,0,2,0.0,False
FKDEV01160,23,1,15,0.0435,False
FKDEV01161,73,0,19,0.0,False
FKDEV01162,9,2,6,0.2222,False
FKDEV01163,506,108,147,0.2134,False
FKDEV01164,4,2,1,0.5,True
FKDEV01165,44,18,17,0.4091,True
FKDEV01166,29,2,17,0.069,False
FKDEV01167,36,6,19,0.1667,False
FKDEV01168,87,37,7,0.4253,True
FKDEV01169,35,6,12,0.1714,False
FKDEV01170,36,2,25,0.0556,False
FKDEV01171,498,82,216,0.1647,False
FKDEV01172,76,16,41,0.2105,False
FKDEV01173,11,4,7,0.3636,True
FKDEV01174,147,24,86,0.1633,False
FKDEV01175,15,6,5,0.4,True
FKDEV01176,30,5,15,0.1667,False
FKDEV01177,17,2,12,0.1176,False
FKDEV01178,345,103,129,0.2986,True
FKDEV01179,27,4,20,0.1481,False
FKDEV01180,14,0,9,0.0,False
FKDEV01181,6,2,4,0.3333,True
FKDEV01182,20,7,10,0.35,True
FKDEV01183,8,1,6,0.125,False
FKDEV01184,76,11,46,0.1447,False
FKDEV01185,17,0,14,0.0,False
FKDEV01186,42,10,23,0.2381,False
FKDEV01187,72,17,11,0.2361,False
FKDEV01188,33,11,20,0.3333,True
FKDEV01189,79,6,30,0.0759,False
FKDEV01190,256,12,88,0.0469,False
FKDEV01191,155,70,56,0.4516,True
FKDEV01192,85,20,58,0.2353,False
FKDEV01193,14,2,12,0.1429,False
FKDEV01194,18,3,9,0.1667,False
FKDEV01195,59,8,43,0.1356,False
FKDEV01196,82,42,1,0.5122,True
FKDEV01197,237,12,72,0.0506,False
FKDEV01198,46,4,32,0.087,False
FKDEV01199,22,5,13,0.2273,False
FKDEV01200,19,1,14,0.0526,False
FKDEV01201,3,0,2,0.0,False
FKDEV01202,12,3,3,0.25,False
FKDEV01203,9,0,6,0.0,False
FKDEV01204,43,15,19,0.3488,True
FKDEV01205,99,39,29,0.3939,True
FKDEV01206,92,14,28,0.1522,False
FKDEV01207,20,1,8,0.05,False
FKDEV01208,2,1,0,0.5,True
FKDEV01209,16,4,7,0.25,False
FKDEV01210,234,36,179,0.1538,False
FKDEV01211,14,2,11,0.1429,False
FKDEV01212,40,1,35,0.025,False
FKDEV01213,182,47,98,0.2582,True
FKDEV01214,45,2,4,0.0444,False
FKDEV01215,76,7,31,0.0921,False
FKDEV01216,92,23,33,0.25,False
FKDEV01217,5,0,5,0.0,False
FKDEV01218,264,39,63,0.1477,False
FKDEV01219,84,13,3,0.1548,False
FKDEV01220,12,1,1,0.0833,False
FKDEV01221,146,13,41,0.089,False
FKDEV01222,35,6,5,0.1714,False
FKDEV01223,12,0,0,0.0,False
FKDEV01224,36,2,31,0.0556,False
FKDEV01225,21,3,8,0.1429,False
FKDEV01226,29,0,2,0.0,False
FKDEV01227,32,0,2,0.0,False
FKDEV01228,34,3,14,0.0882,False
FKDEV01229,40,6,18,0.15,False
FKDEV01230,153,11,55,0.0719,False
FKDEV01231,95,0,1,0.0,False
FKDEV01232,48,15,27,0.3125,True
FKDEV01233,2,0,0,0.0,False
FKDEV01234,129,28,70,0.2171,False
FKDEV01235,100,9,40,0.09,False
FKDEV01236,73,7,38,0.0959,False
FKDEV01237,2,0,1,0.0,False
FKDEV01238,21,4,9,0.1905,False
FKDEV01239,3,0,0,0.0,False
FKDEV01240,47,0,23,0.0,False
FKDEV01241,14,0,3,0.0,False
FKDEV01242,14,0,7,0.0,False
FKDEV01243,12,4,5,0.3333,True
FKDEV01244,138,19,66,0.1377,False
FKDEV01245,65,14,25,0.2154,False
FKDEV01246,297,27,1,0.0909,False
FKDEV01247,68,2,27,0.0294,False
FKDEV01248,180,54,43,0.3,True
FKDEV01249,75,15,26,0.2,False
FKDEV01250,12,2,0,0.1667,False
FKDEV01251,4,2,0,0.5,True
FKDEV01252,23,3,5,0.1304,False
FKDEV01253,20,2,11,0.1,False
FKDEV01254,32,6,15,0.1875,False
FKDEV01255,12,3,3,0.25,False
FKDEV01256,22,4,2,0.1818,False
FKDEV01257,4,2,0,0.5,True
FKDEV01258,49,7,32,0.1429,False
FKDEV01259,29,9,16,0.3103,True
FKDEV01260,58,9,37,0.1552,False
FKDEV01261,1,0,0,0.0,False
FKDEV01262,17,7,3,0.4118,True
FKDEV01263,99,13,27,0.1313,False
FKDEV01264,28,6,17,0.2143,False
FKDEV01265,1,0,0,0.0,False
FKDEV01266,124,26,53,0.2097,False
FKDEV01267,14,6,6,0.4286,True
FKDEV01268,21,2,6,0.0952,False
FKDEV01269,3,1,0,0.3333,True
FKDEV01270,442,168,195,0.3801,True
FKDEV01271,21,2,16,0.0952,False
FKDEV01272,24,4,12,0.1667,False
FKDEV01273,72,15,36,0.2083,False
FKDEV01274,10,2,6,0.2,False
FKDEV01275,39,5,25,0.1282,False
FKDEV01276,2,0,1,0.0,False
FKDEV01277,8,1,2,0.125,False
FKDEV01278,97,6,30,0.0619,False
FKDEV01279,6,2,3,0.3333,True
FKDEV01280,43,1,18,0.0233,False
FKDEV01281,113,2,3,0.0177,False
FKDEV01282,22,9,2,0.4091,True
FKDEV01283,10,1,6,0.1,False
FKDEV01284,59,3,39,0.0508,False
FKDEV01285,7,1,1,0.1429,False
FKDEV01286,57,6,32,0.1053,False
FKDEV01287,40,11,20,0.275,True
FKDEV01288,16,0,9,0.0,False
FKDEV01289,21,2,14,0.0952,False
FKDEV01290,23,9,5,0.3913,True
FKDEV01291,15,4,11,0.2667,True
FKDEV01292,15,14,1,0.9333,True
FKDEV01293,11,1,5,0.0909,False
FKDEV01294,36,1,20,0.0278,False
FKDEV01295,6,1,4,0.1667,False
FKDEV01296,21,7,14,0.3333,True
FKDEV01297,15,2,10,0.1333,False
FKDEV01298,4,1,3,0.25,False
FKDEV01299,1,1,0,1.0,True
FKDEV01300,4,0,3,0.0,False
FKDEV01301,67,8,27,0.1194,False
FKDEV01302,5,0,2,0.0,False
FKDEV01303,16,2,9,0.125,False
FKDEV01304,6,4,2,0.6667,True
FKDEV01305,35,3,32,0.0857,False
FKDEV01306,18,4,7,0.2222,False
FKDEV01307,85,14,47,0.1647,False
FKDEV01308,8,4,4,0.5,True
FKDEV01309,54,0,22,0.0,False
FKDEV01310,2,0,2,0.0,False
FKDEV01311,99,30,36,0.303,True
FKDEV01312,43,18,10,0.4186,True
FKDEV01313,194,58,77,0.299,True
FKDEV01314,630,128,54,0.2032,False
FKDEV01315,20,1,3,0.05,False
FKDEV01316,9,2,3,0.2222,False
FKDEV01317,67,8,31,0.1194,False
FKDEV01318,9,0,5,0.0,False
FKDEV01319,6,3,1,0.5,True
FKDEV01320,332,63,128,0.1898,False
FKDEV01321,107,27,35,0.2523,True
FKDEV01322,6,1,5,0.1667,False
FKDEV01323,14,6,6,0.4286,True
FKDEV01324,6,2,2,0.3333,True
FKDEV01325,9,0,4,0.0,False
FKDEV01326,77,10,24,0.1299,False
FKDEV01327,56,14,15,0.25,False
FKDEV01328,84,14,37,0.1667,False
FKDEV01329,9,3,6,0.3333,True
FKDEV01330,7,3,3,0.4286,True
FKDEV01331,19,4,11,0.2105,False
FKDEV01332,37,10,24,0.2703,True
FKDEV01333,43,1,6,0.0233,False
FKDEV01334,32,8,22,0.25,False
FKDEV01335,27,6,12,0.2222,False
FKDEV01336,4,3,0,0.75,True
FKDEV01337,3,1,1,0.3333,True
FKDEV01338,28,1,20,0.0357,False
FKDEV01339,20,3,10,0.15,False
FKDEV01340,43,4,30,0.093,False
FKDEV01341,17,1,9,0.0588,False
FKDEV01342,91,14,59,0.1538,False
FKDEV01343,42,2,6,0.0476,False
FKDEV01344,26,1,21,0.0385,False
FKDEV01345,45,0,21,0.0,False
FKDEV01346,60,13,34,0.2167,False
FKDEV01347,50,13,21,0.26,True
FKDEV01348,11,1,6,0.0909,False
FKDEV01349,52,6,11,0.1154,False
FKDEV01350,32,4,5,0.125,False
FKDEV01351,42,8,33,0.1905,False
FKDEV01352,22,5,11,0.2273,False
FKDEV01353,5,3,2,0.6,True
FKDEV01354,6,1,2,0.1667,False
FKDEV01355,33,3,12,0.0909,False
FKDEV01356,299,33,60,0.1104,False
FKDEV01357,2,1,1,0.5,True
FKDEV01358,243,35,30,0.144,False
FKDEV01359,117,6,28,0.0513,False
FKDEV01360,28,8,9,0.2857,True
FKDEV01361,3,0,2,0.0,False
FKDEV01362,2,0,2,0.0,False
FKDEV01363,126,21,70,0.1667,False
FKDEV01364,15,4,5,0.2667,True
FKDEV01365,38,8,14,0.2105,False
FKDEV01366,25,2,19,0.08,False
FKDEV01367,33,4,22,0.1212,False
FKDEV01368,13,1,7,0.0769,False
FKDEV01369,46,14,31,0.3043,True
FKDEV01370,48,20,20,0.4167,True
FKDEV01371,124,29,51,0.2339,False
FKDEV01372,20,1,14,0.05,False
FKDEV01373,24,6,18,0.25,False
FKDEV01374,76,17,34,0.2237,False
FKDEV01375,84,12,71,0.1429,False
FKDEV01376,40,6,14,0.15,False
FKDEV01377,147,6,55,0.0408,False
FKDEV01378,138,52,59,0.3768,True
FKDEV01379,52,11,24,0.2115,False
FKDEV01380,14,2,11,0.1429,False
FKDEV01381,5,2,3,0.4,True
FKDEV01382,18,1,17,0.0556,False
FKDEV01383,16,3,9,0.1875,False
FKDEV01384,150,32,14,0.2133,False
FKDEV01385,30,2,21,0.0667,False
FKDEV01386,11,1,5,0.0909,False
FKDEV01387,66,5,52,0.0758,False
FKDEV01388,19,2,12,0.1053,False
FKDEV01389,8,2,6,0.25,False
FKDEV01390,9,2,6,0.2222,False
FKDEV01391,16,2,10,0.125,False
FKDEV01392,21,0,13,0.0,False
FKDEV01393,15,1,8,0.0667,False
FKDEV01394,16,6,8,0.375,True
FKDEV01395,20,1,11,0.05,False
FKDEV01396,5,2,3,0.4,True
FKDEV01397,2,0,2,0.0,False
FKDEV01398,43,15,15,0.3488,True
FKDEV01399,22,1,1,0.0455,False
FKDEV01400,13,6,7,0.4615,True
FKDEV01401,11,1,5,0.0909,False
FKDEV01402,2,0,2,0.0,False
FKDEV01403,27,7,14,0.2593,True
FKDEV01404,2,0,2,0.0,False
FKDEV01405,43,2,10,0.0465,False
FKDEV01406,368,68,158,0.1848,False
FKDEV01407,33,4,12,0.1212,False
FKDEV01408,88,5,51,0.0568,False
FKDEV01409,134,51,54,0.3806,True
FKDEV01410,14,1,5,0.0714,False
FKDEV01411,15,0,5,0.0,False
FKDEV01412,50,7,25,0.14,False
FKDEV01413,32,2,14,0.0625,False
FKDEV01414,7,0,7,0.0,False
FKDEV01415,42,5,27,0.119,False
FKDEV01416,21,4,10,0.1905,False
FKDEV01417,36,6,10,0.1667,False
FKDEV01418,81,22,35,0.2716,True
FKDEV01419,44,3,27,0.0682,False
FKDEV01420,107,18,72,0.1682,False
FKDEV01421,343,30,140,0.0875,False
FKDEV01422,87,34,35,0.3908,True
FKDEV01423,28,11,11,0.3929,True
FKDEV01424,134,11,78,0.0821,False
FKDEV01425,65,12,38,0.1846,False
FKDEV01426,11,5,2,0.4545,True
FKDEV01427,172,83,83,0.4826,True
FKDEV01428,107,27,79,0.2523,True
FKDEV01429,17,1,16,0.0588,False
FKDEV01430,35,2,7,0.0571,False
FKDEV01431,1,0,1,0.0,False
FKDEV01432,8,1,3,0.125,False
FKDEV01433,5,1,2,0.2,False
FKDEV01434,8,0,7,0.0,False
FKDEV01435,52,6,27,0.1154,False
FKDEV01436,156,18,30,0.1154,False
FKDEV01437,386,104,99,0.2694,True
FKDEV01438,12,0,3,0.0,False
FKDEV01439,8,1,2,0.125,False
FKDEV01440,46,5,32,0.1087,False
FKDEV01441,6,0,5,0.0,False
FKDEV01442,21,6,3,0.2857,True
FKDEV01443,22,3,1,0.1364,False
FKDEV01444,27,0,6,0.0,False
FKDEV01445,9,0,4,0.0,False
FKDEV01446,1,0,1,0.0,False
FKDEV01447,26,5,20,0.1923,False
FKDEV01448,9,0,4,0.0,False
FKDEV01449,23,1,8,0.0435,False
FKDEV01450,40,17,20,0.425,True
FKDEV01451,48,15,22,0.3125,True
FKDEV01452,35,12,19,0.3429,True
FKDEV01453,19,4,8,0.2105,False
FKDEV01454,21,2,10,0.0952,False
FKDEV01455,15,1,4,0.0667,False
FKDEV01456,10,0,10,0.0,False
FKDEV01457,4,0,4,0.0,False
FKDEV01458,9,3,3,0.3333,True
FKDEV01459,42,7,18,0.1667,False
FKDEV01460,39,6,7,0.1538,False
FKDEV01461,3,0,3,0.0,False
FKDEV01462,10,0,5,0.0,False
FKDEV01463,29,6,19,0.2069,False
FKDEV01464,49,4,38,0.0816,False
FKDEV01465,173,43,103,0.2486,False
FKDEV01466,11,1,7,0.0909,False
FKDEV01467,24,0,15,0.0,False
FKDEV01468,29,1,4,0.0345,False
FKDEV01469,20,2,12,0.1,False
FKDEV01470,19,6,11,0.3158,True
FKDEV01471,7,1,5,0.1429,False
FKDEV01472,45,5,38,0.1111,False
FKDEV01473,7,3,2,0.4286,True
FKDEV01474,24,3,4,0.125,False
FKDEV01475,4,0,3,0.0,False
FKDEV01476,61,11,16,0.1803,False
FKDEV01477,16,4,5,0.25,False
FKDEV01478,51,18,32,0.3529,True
FKDEV01479,30,0,8,0.0,False
FKDEV01480,39,3,5,0.0769,False
FKDEV01481,10,4,5,0.4,True
FKDEV01482,33,1,16,0.0303,False
FKDEV01483,16,4,10,0.25,False
FKDEV01484,66,0,7,0.0,False
FKDEV01485,10,0,5,0.0,False
FKDEV01486,6,1,4,0.1667,False
FKDEV01487,9,1,1,0.1111,False
FKDEV01488,19,5,11,0.2632,True
FKDEV01489,1,0,1,0.0,False
FKDEV01490,145,29,86,0.2,False
FKDEV01491,5,1,1,0.2,False
FKDEV01492,67,7,8,0.1045,False
FKDEV01493,5,1,3,0.2,False
FKDEV01494,489,41,144,0.0838,False
FKDEV01495,44,9,27,0.2045,False
FKDEV01496,8,0,0,0.0,False
FKDEV01497,3,0,0,0.0,False
FKDEV01498,114,22,43,0.193,False
FKDEV01499,76,22,23,0.2895,True
FKDEV01500,244,50,193,0.2049,False
FKDEV01501,17,6,8,0.3529,True
FKDEV01502,6,2,4,0.3333,True
FKDEV01503,69,10,31,0.1449,False
FKDEV01504,8,3,2,0.375,True
FKDEV01505,34,13,16,0.3824,True
FKDEV01506,48,11,33,0.2292,False
FKDEV01507,51,9,26,0.1765,False
FKDEV01508,36,2,29,0.0556,False
FKDEV01509,22,6,6,0.2727,True
FKDEV01510,2,2,0,1.0,True
FKDEV01511,23,7,13,0.3043,True
FKDEV01512,46,0,17,0.0,False
FKDEV01513,14,8,0,0.5714,True
FKDEV01514,6,0,2,0.0,False
FKDEV01515,21,0,19,0.0,False
FKDEV01516,188,63,37,0.3351,True
FKDEV01517,89,32,24,0.3596,True
FKDEV01518,35,0,11,0.0,False
FKDEV01519,84,4,47,0.0476,False
FKDEV01520,14,1,5,0.0714,False
FKDEV01521,36,1,3,0.0278,False
FKDEV01522,51,4,19,0.0784,False
FKDEV01523,9,1,0,0.1111,False
FKDEV01524,5,4,0,0.8,True
FKDEV01525,177,69,83,0.3898,True
FKDEV01526,10,1,1,0.1,False
FKDEV01527,5,0,2,0.0,False
FKDEV01528,1,1,0,1.0,True
FKDEV01529,18,3,10,0.1667,False
FKDEV01530,38,4,0,0.1053,False
FKDEV01531,3,0,0,0.0,False
FKDEV01532,16,1,7,0.0625,False
FKDEV01533,9,0,2,0.0,False
FKDEV01534,30,1,14,0.0333,False
FKDEV01535,45,6,12,0.1333,False
FKDEV01536,5,1,2,0.2,False
FKDEV01537,6,0,1,0.0,False
FKDEV01538,3,0,3,0.0,False
FKDEV01539,60,0,8,0.0,False
FKDEV01540,11,2,5,0.1818,False
FKDEV01541,10,0,3,0.0,False
FKDEV01542,4,0,2,0.0,False
FKDEV01543,10,0,5,0.0,False
FKDEV01544,90,10,76,0.1111,False
FKDEV01545,7,0,3,0.0,False
FKDEV01546,22,2,5,0.0909,False
FKDEV01547,20,1,4,0.05,False
FKDEV01548,4,1,3,0.25,False
FKDEV01549,2,0,0,0.0,False
FKDEV01550,12,0,0,0.0,False
FKDEV01551,67,6,21,0.0896,False
FKDEV01552,72,11,42,0.1528,False
FKDEV01553,15,0,10,0.0,False
FKDEV01554,35,0,0,0.0,False
FKDEV01555,24,0,1,0.0,False
FKDEV01556,4,1,0,0.25,False
FKDEV01557,35,0,14,0.0,False
FKDEV01558,11,3,7,0.2727,True
FKDEV01559,15,0,8,0.0,False
FKDEV01560,47,7,3,0.1489,False
FKDEV01561,6,1,1,0.1667,False
FKDEV01562,17,2,2,0.1176,False
FKDEV01563,14,2,2,0.1429,False
FKDEV01564,23,1,16,0.0435,False
FKDEV01565,5,2,1,0.4,True
FKDEV01566,13,1,1,0.0769,False
FKDEV01567,1,0,0,0.0,False
FKDEV01568,106,20,36,0.1887,False
FKDEV01569,26,2,11,0.0769,False
FKDEV01570,34,2,10,0.0588,False
FKDEV01571,194,43,59,0.2216,False
FKDEV01572,16,5,7,0.3125,True
FKDEV01573,16,1,3,0.0625,False
FKDEV01574,107,27,35,0.2523,True
FKDEV01575,17,0,3,0.0,False
FKDEV01576,9,3,3,0.3333,True
FKDEV01577,50,5,18,0.1,False
FKDEV01578,13,2,10,0.1538,False
FKDEV01579,3,2,0,0.6667,True
FKDEV01580,79,0,2,0.0,False
FKDEV01581,7,1,0,0.1429,False
FKDEV01582,5,1,0,0.2,False
FKDEV01583,28,3,12,0.1071,False
FKDEV01584,19,0,4,0.0,False
FKDEV01585,6,2,2,0.3333,True
FKDEV01586,2,0,0,0.0,False
FKDEV01587,69,8,43,0.1159,False
FKDEV01588,7,0,6,0.0,False
FKDEV01589,19,1,3,0.0526,False
FKDEV01590,4,1,1,0.25,False
FKDEV01591,38,10,12,0.2632,True
FKDEV01592,3,0,0,0.0,False
FKDEV01593,6,0,3,0.0,False
FKDEV01594,11,2,7,0.1818,False
FKDEV01595,47,0,6,0.0,False
FKDEV01596,2,0,0,0.0,False
FKDEV01597,12,4,5,0.3333,True
FKDEV01598,2,0,0,0.0,False
FKDEV01599,1,0,0,0.0,False
FKDEV01600,2,0,0,0.0,False
FKDEV01601,28,2,12,0.0714,False
FKDEV01602,39,12,23,0.3077,True
FKDEV01603,17,1,3,0.0588,False
FKDEV01604,28,6,15,0.2143,False
FKDEV01605,182,0,0,0.0,False
FKDEV01606,28,1,2,0.0357,False
FKDEV01607,70,3,16,0.0429,False
FKDEV01608,2,0,0,0.0,False
FKDEV01609,120,4,23,0.0333,False
FKDEV01610,23,2,1,0.087,False
FKDEV01611,4,0,0,0.0,False
FKDEV01612,26,1,3,0.0385,False
FKDEV01613,1,0,1,0.0,False
FKDEV01614,48,7,24,0.1458,False
FKDEV01615,4,0,3,0.0,False
FKDEV01616,4,0,2,0.0,False
FKDEV01617,8,0,0,0.0,False
FKDEV01618,18,1,4,0.0556,False
FKDEV01619,26,5,1,0.1923,False
FKDEV01620,3,0,0,0.0,False
FKDEV01621,5,0,3,0.0,False
FKDEV01622,9,0,0,0.0,False
FKDEV01623,1,0,0,0.0,False
FKDEV01624,56,14,10,0.25,False
FKDEV01625,72,9,27,0.125,False
FKDEV01626,68,5,35,0.0735,False
FKDEV01627,16,1,9,0.0625,False
FKDEV01628,5,0,0,0.0,False
FKDEV01629,12,0,4,0.0,False
FKDEV01630,17,2,7,0.1176,False
FKDEV01631,19,0,5,0.0,False
FKDEV01632,14,0,1,0.0,False
FKDEV01633,26,1,12,0.0385,False
FKDEV01634,13,0,6,0.0,False
FKDEV01635,19,1,3,0.0526,False
FKDEV01636,10,1,0,0.1,False
FKDEV01637,10,2,2,0.2,False
FKDEV01638,14,0,1,0.0,False
FKDEV01639,35,8,16,0.2286,False
FKDEV01640,39,6,24,0.1538,False
FKDEV01641,16,1,6,0.0625,False
FKDEV01642,1,0,0,0.0,False
FKDEV01643,19,0,2,0.0,False
FKDEV01644,7,0,0,0.0,False
FKDEV01645,9,2,0,0.2222,False
FKDEV01646,1,0,0,0.0,False
FKDEV01647,4,2,0,0.5,True
FKDEV01648,34,6,12,0.1765,False
FKDEV01649,8,1,2,0.125,False
FKDEV01650,6,0,3,0.0,False
FKDEV01651,47,17,8,0.3617,True
FKDEV01652,10,0,8,0.0,False
FKDEV01653,18,4,1,0.2222,False
FKDEV01654,70,19,30,0.2714,True
FKDEV01655,6,0,0,0.0,False
FKDEV01656,14,1,2,0.0714,False
FKDEV01657,81,12,43,0.1481,False
FKDEV01658,16,2,3,0.125,False
FKDEV01659,4,0,2,0.0,False
FKDEV01660,24,0,2,0.0,False
FKDEV01661,3,0,0,0.0,False
FKDEV01662,101,44,34,0.4356,True
FKDEV01663,128,19,36,0.1484,False
FKDEV01664,2,0,1,0.0,False
FKDEV01665,3,1,1,0.3333,True
FKDEV01666,2,0,1,0.0,False
FKDEV01667,2,0,0,0.0,False
FKDEV01668,4,0,0,0.0,False
FKDEV01669,16,0,1,0.0,False
FKDEV01670,25,5,16,0.2,False
FKDEV01671,2,0,0,0.0,False
FKDEV01672,9,0,1,0.0,False
FKDEV01673,3,0,2,0.0,False
FKDEV01674,6,1,1,0.1667,False
FKDEV01675,1,0,0,0.0,False
FKDEV01676,11,0,5,0.0,False
FKDEV01677,36,2,3,0.0556,False
FKDEV01678,47,2,18,0.0426,False
FKDEV01679,1,0,0,0.0,False
FKDEV01680,40,0,0,0.0,False
FKDEV01681,60,2,2,0.0333,False
FKDEV01682,3,0,2,0.0,False
FKDEV01683,57,4,26,0.0702,False
FKDEV01684,2,0,0,0.0,False
FKDEV01685,19,0,9,0.0,False
FKDEV01686,40,1,11,0.025,False
FKDEV01687,23,1,6,0.0435,False
FKDEV01688,43,0,0,0.0,False
FKDEV01689,80,13,26,0.1625,False
FKDEV01690,16,1,4,0.0625,False
FKDEV01691,7,1,5,0.1429,False
FKDEV01692,20,5,7,0.25,False
FKDEV01693,7,1,5,0.1429,False
FKDEV01694,24,6,13,0.25,False
FKDEV01695,31,4,9,0.129,False
FKDEV01696,9,4,0,0.4444,True
FKDEV01697,78,27,1,0.3462,True
FKDEV01698,47,0,0,0.0,False
FKDEV01699,37,3,21,0.0811,False
FKDEV01700,28,1,2,0.0357,False
FKDEV01701,1,0,0,0.0,False
FKDEV01702,17,12,3,0.7059,True
FKDEV01703,55,22,2,0.4,True
FKDEV01704,51,5,35,0.098,False
FKDEV01705,37,2,12,0.0541,False
FKDEV01706,32,6,2,0.1875,False
FKDEV01707,8,0,0,0.0,False
FKDEV01708,14,2,11,0.1429,False
FKDEV01709,2,0,1,0.0,False
FKDEV01710,1,0,0,0.0,False
FKDEV01711,5,0,2,0.0,False
FKDEV01712,15,0,5,0.0,False
FKDEV01713,5,0,0,0.0,False
FKDEV01714,58,0,16,0.0,False
FKDEV01715,20,1,6,0.05,False
FKDEV01716,5,0,1,0.0,False
FKDEV01717,2,0,0,0.0,False
FKDEV01718,6,1,3,0.1667,False
FKDEV01719,1,0,0,0.0,False
FKDEV01720,55,13,20,0.2364,False
FKDEV01721,49,6,6,0.1224,False
FKDEV01722,17,1,4,0.0588,False
FKDEV01723,181,42,36,0.232,False
FKDEV01724,13,1,10,0.0769,False
FKDEV01725,30,5,10,0.1667,False
FKDEV01726,16,0,0,0.0,False
FKDEV01727,8,2,6,0.25,False
FKDEV01728,15,0,4,0.0,False
FKDEV01729,42,5,22,0.119,False
FKDEV01730,5,0,2,0.0,False
FKDEV01731,3,0,0,0.0,False
FKDEV01732,20,1,1,0.05,False
FKDEV01733,4,0,0,0.0,False
FKDEV01734,27,2,8,0.0741,False
FKDEV01735,12,0,1,0.0,False
FKDEV01736,5,0,2,0.0,False
FKDEV01737,16,2,4,0.125,False
FKDEV01738,7,2,0,0.2857,True
FKDEV01739,3,0,0,0.0,False
FKDEV01740,20,0,2,0.0,False
FKDEV01741,9,5,0,0.5556,True
FKDEV01742,16,1,6,0.0625,False
FKDEV01743,4,0,3,0.0,False
FKDEV01744,25,4,16,0.16,False
FKDEV01745,5,1,1,0.2,False
FKDEV01746,105,11,42,0.1048,False
FKDEV01747,16,2,4,0.125,False
FKDEV01748,6,0,0,0.0,False
FKDEV01749,6,2,1,0.3333,True
FKDEV01750,10,0,0,0.0,False
FKDEV01751,6,2,3,0.3333,True
FKDEV01752,4,1,0,0.25,False
FKDEV01753,16,0,4,0.0,False
FKDEV01754,6,1,1,0.1667,False
FKDEV01755,34,8,18,0.2353,False
FKDEV01756,25,6,4,0.24,False
FKDEV01757,7,0,0,0.0,False
FKDEV01758,164,0,1,0.0,False
FKDEV01759,33,3,28,0.0909,False
FKDEV01760,72,6,6,0.0833,False
FKDEV01761,103,16,13,0.1553,False
FKDEV01762,3,0,0,0.0,False
FKDEV01763,17,1,4,0.0588,False
FKDEV01764,42,1,5,0.0238,False
FKDEV01765,6,2,2,0.3333,True
FKDEV01766,5,0,0,0.0,False
FKDEV01767,10,3,4,0.3,True
FKDEV01768,25,0,9,0.0,False
FKDEV01769,2,0,0,0.0,False
FKDEV01770,10,1,2,0.1,False
FKDEV01771,2,0,0,0.0,False
FKDEV01772,2,0,0,0.0,False
FKDEV01773,6,1,4,0.1667,False
FKDEV01774,20,1,3,0.05,False
FKDEV01775,16,0,3,0.0,False
FKDEV01776,37,4,27,0.1081,False
FKDEV01777,23,2,9,0.087,False
FKDEV01778,2,0,0,0.0,False
FKDEV01779,1,0,0,0.0,False
FKDEV01780,1,0,0,0.0,False
FKDEV01781,91,0,1,0.0,False
FKDEV01782,12,1,2,0.0833,False
FKDEV01783,74,26,27,0.3514,True
FKDEV01784,71,15,32,0.2113,False
FKDEV01785,8,5,1,0.625,True
FKDEV01786,6,0,2,0.0,False
FKDEV01787,99,28,14,0.2828,True
FKDEV01788,9,1,0,0.1111,False
FKDEV01789,114,3,61,0.0263,False
FKDEV01790,10,0,0,0.0,False
FKDEV01791,69,18,25,0.2609,True
FKDEV01792,26,2,2,0.0769,False
FKDEV01793,13,2,4,0.1538,False
FKDEV01794,57,7,2,0.1228,False
FKDEV01795,2,0,0,0.0,False
FKDEV01796,42,0,0,0.0,False
FKDEV01797,2,0,0,0.0,False
FKDEV01798,1,0,0,0.0,False
FKDEV01799,24,2,13,0.0833,False
FKDEV01800,12,1,3,0.0833,False
FKDEV01801,1,0,1,0.0,False
FKDEV01802,7,0,2,0.0,False
FKDEV01803,4,0,3,0.0,False
FKDEV01804,76,14,20,0.1842,False
FKDEV01805,9,2,2,0.2222,False
FKDEV01806,40,10,5,0.25,False
FKDEV01807,4,0,1,0.0,False
FKDEV01808,7,1,4,0.1429,False
FKDEV01809,16,3,4,0.1875,False
FKDEV01810,4,0,0,0.0,False
FKDEV01811,18,1,7,0.0556,False
FKDEV01812,25,6,12,0.24,False
FKDEV01813,32,3,3,0.0938,False
FKDEV01814,26,7,12,0.2692,True
FKDEV01815,16,5,9,0.3125,True
FKDEV01816,6,1,3,0.1667,False
FKDEV01817,28,4,7,0.1429,False
FKDEV01818,21,0,0,0.0,False
FKDEV01819,39,0,1,0.0,False
FKDEV01820,3,0,1,0.0,False
FKDEV01821,5,1,0,0.2,False
FKDEV01822,2,0,0,0.0,False
FKDEV01823,14,8,5,0.5714,True
FKDEV01824,6,0,1,0.0,False
FKDEV01825,30,0,0,0.0,False
FKDEV01826,5,1,0,0.2,False
FKDEV01827,66,13,9,0.197,False
FKDEV01828,58,9,35,0.1552,False
FKDEV01829,6,0,0,0.0,False
FKDEV01830,16,1,11,0.0625,False
FKDEV01831,3,0,3,0.0,False
FKDEV01832,4,0,1,0.0,False
FKDEV01833,9,0,8,0.0,False
FKDEV01834,11,4,5,0.3636,True
FKDEV01835,27,5,10,0.1852,False
FKDEV01836,4,1,0,0.25,False
FKDEV01837,4,0,0,0.0,False
FKDEV01838,6,0,1,0.0,False
FKDEV01839,62,0,9,0.0,False
FKDEV01840,10,3,2,0.3,True
FKDEV01841,3,0,0,0.0,False
FKDEV01842,3,0,2,0.0,False
FKDEV01843,12,0,0,0.0,False
FKDEV01844,7,2,3,0.2857,True
FKDEV01845,12,0,1,0.0,False
FKDEV01846,5,0,0,0.0,False
FKDEV01847,132,24,74,0.1818,False
FKDEV01848,77,43,12,0.5584,True
FKDEV01849,135,67,56,0.4963,True
FKDEV01850,47,0,0,0.0,False
FKDEV01851,5,1,0,0.2,False
FKDEV01852,22,2,16,0.0909,False
FKDEV01853,14,2,1,0.1429,False
FKDEV01854,68,4,20,0.0588,False
FKDEV01855,4,1,0,0.25,False
FKDEV01856,15,1,12,0.0667,False
FKDEV01857,35,0,13,0.0,False
FKDEV01858,25,2,12,0.08,False
FKDEV01859,1,0,0,0.0,False
FKDEV01860,24,3,11,0.125,False
FKDEV01861,5,1,3,0.2,False
FKDEV01862,8,0,2,0.0,False
FKDEV01863,7,0,1,0.0,False
FKDEV01864,16,5,7,0.3125,True
FKDEV01865,3,0,2,0.0,False
FKDEV01866,11,0,1,0.0,False
FKDEV01867,3,0,0,0.0,False
FKDEV01868,2,0,0,0.0,False
FKDEV01869,36,3,19,0.0833,False
FKDEV01870,28,9,18,0.3214,True
FKDEV01871,1,0,0,0.0,False
FKDEV01872,9,1,2,0.1111,False
FKDEV01873,14,0,0,0.0,False
FKDEV01874,2,0,0,0.0,False
FKDEV01875,2,0,1,0.0,False
FKDEV01876,3,0,0,0.0,False
FKDEV01877,4,0,3,0.0,False
FKDEV01878,41,2,37,0.0488,False
FKDEV01879,5,0,1,0.0,False
FKDEV01880,1,0,0,0.0,False
FKDEV01881,1,0,0,0.0,False
FKDEV01882,2,0,0,0.0,False
FKDEV01883,38,7,16,0.1842,False
FKDEV01884,81,17,37,0.2099,False
FKDEV01885,6,1,2,0.1667,False
FKDEV01886,17,1,10,0.0588,False
FKDEV01887,18,4,3,0.2222,False
FKDEV01888,1,0,0,0.0,False
FKDEV01889,68,1,0,0.0147,False
FKDEV01890,10,6,3,0.6,True
FKDEV01891,8,1,2,0.125,False
FKDEV01892,3,0,0,0.0,False
FKDEV01893,8,0,3,0.0,False
FKDEV01894,28,2,10,0.0714,False
FKDEV01895,3,1,0,0.3333,True
FKDEV01896,7,0,0,0.0,False
FKDEV01897,5,1,0,0.2,False
FKDEV01898,8,0,2,0.0,False
FKDEV01899,2,0,0,0.0,False
FKDEV01900,1,0,0,0.0,False
FKDEV01901,15,2,6,0.1333,False
FKDEV01902,210,19,0,0.0905,False
FKDEV01903,8,0,0,0.0,False
FKDEV01904,2,0,0,0.0,False
FKDEV01905,3,0,0,0.0,False
FKDEV01906,8,4,0,0.5,True
FKDEV01907,1,1,0,1.0,True
FKDEV01908,17,0,13,0.0,False
FKDEV01909,3,0,0,0.0,False
FKDEV01910,20,5,7,0.25,False
FKDEV01911,1,0,0,0.0,False
FKDEV01912,7,2,5,0.2857,True
FKDEV01913,38,10,4,0.2632,True
FKDEV01914,64,0,0,0.0,False
FKDEV01915,1,0,0,0.0,False
FKDEV01916,11,2,1,0.1818,False
FKDEV01917,12,1,2,0.0833,False
FKDEV01918,6,1,0,0.1667,False
FKDEV01919,16,1,0,0.0625,False
FKDEV01920,3,0,1,0.0,False
FKDEV01921,1,0,0,0.0,False
FKDEV01922,34,0,0,0.0,False
FKDEV01923,20,2,15,0.1,False
FKDEV01924,5,0,2,0.0,False
FKDEV01925,1,0,0,0.0,False
FKDEV01926,17,3,4,0.1765,False
FKDEV01927,7,0,6,0.0,False
FKDEV01928,10,2,5,0.2,False
FKDEV01929,2,0,0,0.0,False
FKDEV01930,4,0,1,0.0,False
FKDEV01931,3,0,0,0.0,False
FKDEV01932,3,0,1,0.0,False
FKDEV01933,2,0,0,0.0,False
FKDEV01934,12,0,2,0.0,False
FKDEV01935,1,0,0,0.0,False
FKDEV01936,8,3,1,0.375,True
FKDEV01937,4,1,0,0.25,False
FKDEV01938,22,0,0,0.0,False
FKDEV01939,72,0,0,0.0,False
FKDEV01940,1,0,0,0.0,False
FKDEV01941,2,0,0,0.0,False
FKDEV01942,112,39,1,0.3482,True
FKDEV01943,23,1,4,0.0435,False
FKDEV01944,29,7,9,0.2414,False
FKDEV01945,12,0,0,0.0,False
FKDEV01946,16,2,9,0.125,False
FKDEV01947,14,0,0,0.0,False
FKDEV01948,1,0,0,0.0,False
FKDEV01949,9,0,2,0.0,False
FKDEV01950,2,0,0,0.0,False
FKDEV01951,24,12,9,0.5,True
FKDEV01952,6,1,0,0.1667,False
FKDEV01953,3,0,2,0.0,False
FKDEV01954,4,0,0,0.0,False
FKDEV01955,2,0,1,0.0,False
FKDEV01956,237,32,77,0.135,False
FKDEV01957,5,0,0,0.0,False
FKDEV01958,4,0,1,0.0,False
FKDEV01959,7,0,1,0.0,False
FKDEV01960,47,3,23,0.0638,False
FKDEV01961,17,0,0,0.0,False
FKDEV01962,3,0,1,0.0,False
FKDEV01963,11,0,8,0.0,False
FKDEV01964,6,0,1,0.0,False
FKDEV01965,1,0,0,0.0,False
FKDEV01966,5,0,0,0.0,False
FKDEV01967,22,4,10,0.1818,False
FKDEV01968,8,0,1,0.0,False
FKDEV01969,31,0,0,0.0,False
FKDEV01970,10,0,2,0.0,False
FKDEV01971,7,1,2,0.1429,False
FKDEV01972,3,0,0,0.0,False
FKDEV01973,6,2,0,0.3333,True
FKDEV01974,1,0,0,0.0,False
FKDEV01975,11,2,0,0.1818,False
FKDEV01976,4,4,0,1.0,True
FKDEV01977,2,0,1,0.0,False
FKDEV01978,59,6,27,0.1017,False
FKDEV01979,15,1,1,0.0667,False
FKDEV01980,3,0,0,0.0,False
FKDEV01981,8,0,1,0.0,False
FKDEV01982,1,0,0,0.0,False
FKDEV01983,1,0,0,0.0,False
FKDEV01984,12,3,5,0.25,False
FKDEV01985,1,0,0,0.0,False
FKDEV01986,1,0,0,0.0,False
FKDEV01987,27,0,0,0.0,False
FKDEV01988,73,10,24,0.137,False
FKDEV01989,1,0,0,0.0,False
FKDEV01990,2,0,0,0.0,False
FKDEV01991,10,2,6,0.2,False
FKDEV01992,7,1,1,0.1429,False
FKDEV01993,10,2,2,0.2,False
FKDEV01994,6,0,1,0.0,False
FKDEV01995,7,6,1,0.8571,True
FKDEV01996,21,1,16,0.0476,False
FKDEV01997,9,0,0,0.0,False
FKDEV01998,8,0,6,0.0,False
FKDEV01999,1,0,0,0.0,False
FKDEV02000,3,0,0,0.0,False
FKDEV02001,22,3,12,0.1364,False
FKDEV02002,8,0,0,0.0,False
FKDEV02003,5,0,0,0.0,False
FKDEV02004,10,0,2,0.0,False
FKDEV02005,33,0,18,0.0,False
FKDEV02006,7,0,0,0.0,False
FKDEV02007,4,0,0,0.0,False
FKDEV02008,34,1,12,0.0294,False
FKDEV02009,17,2,5,0.1176,False
FKDEV02010,12,2,3,0.1667,False
FKDEV02011,3,0,1,0.0,False
FKDEV02012,3,0,0,0.0,False
FKDEV02013,4,1,2,0.25,False
FKDEV02014,1,0,0,0.0,False
FKDEV02015,1,0,0,0.0,False
FKDEV02016,77,0,20,0.0,False
FKDEV02017,21,12,7,0.5714,True
FKDEV02018,12,2,1,0.1667,False
FKDEV02019,2,0,1,0.0,False
FKDEV02020,13,0,0,0.0,False
FKDEV02021,2,1,0,0.5,True
FKDEV02022,18,1,2,0.0556,False
FKDEV02023,8,0,1,0.0,False
FKDEV02024,9,0,0,0.0,False
FKDEV02025,9,3,2,0.3333,True
FKDEV02026,1,0,0,0.0,False
FKDEV02027,1,0,0,0.0,False
FKDEV02028,10,0,0,0.0,False
FKDEV02029,2,0,1,0.0,False
FKDEV02030,1,0,0,0.0,False
FKDEV02031,1,0,0,0.0,False
FKDEV02032,11,1,9,0.0909,False
FKDEV02033,31,4,18,0.129,False
FKDEV02034,25,3,18,0.12,False
FKDEV02035,5,0,2,0.0,False
FKDEV02036,21,1,17,0.0476,False
FKDEV02037,1,0,0,0.0,False
FKDEV02038,1,0,0,0.0,False
FKDEV02039,8,0,1,0.0,False
FKDEV02040,24,13,7,0.5417,True
FKDEV02041,4,0,0,0.0,False
FKDEV02042,2,0,0,0.0,False
FKDEV02043,45,2,13,0.0444,False
FKDEV02044,63,7,38,0.1111,False
FKDEV02045,2,0,1,0.0,False
FKDEV02046,3,0,1,0.0,False
FKDEV02047,13,0,5,0.0,False
FKDEV02048,4,1,0,0.25,False
FKDEV02049,56,0,0,0.0,False
FKDEV02050,2,0,0,0.0,False
FKDEV02051,2,0,0,0.0,False
FKDEV02052,1,0,0,0.0,False
FKDEV02053,5,0,0,0.0,False
FKDEV02054,1,0,0,0.0,False
FKDEV02055,8,1,1,0.125,False
FKDEV02056,17,0,2,0.0,False
FKDEV02057,15,1,0,0.0667,False
FKDEV02058,6,0,0,0.0,False
FKDEV02059,4,0,0,0.0,False
FKDEV02060,9,0,2,0.0,False
FKDEV02061,3,0,1,0.0,False
FKDEV02062,2,0,0,0.0,False
FKDEV02063,1,0,0,0.0,False
FKDEV02064,5,0,1,0.0,False
FKDEV02065,1,0,0,0.0,False
FKDEV02066,11,4,0,0.3636,True
FKDEV02067,6,0,0,0.0,False
FKDEV02068,2,0,0,0.0,False
FKDEV02069,4,2,2,0.5,True
FKDEV02070,2,0,1,0.0,False
FKDEV02071,22,5,3,0.2273,False
FKDEV02072,20,0,0,0.0,False
FKDEV02073,2,0,1,0.0,False
FKDEV02074,1,0,0,0.0,False
FKDEV02075,5,0,2,0.0,False
FKDEV02076,17,1,14,0.0588,False
FKDEV02077,15,1,3,0.0667,False
FKDEV02078,1,0,0,0.0,False
FKDEV02079,3,0,0,0.0,False
FKDEV02080,14,2,1,0.1429,False
FKDEV02081,8,0,0,0.0,False
FKDEV02082,1,0,0,0.0,False
FKDEV02083,1,0,0,0.0,False
FKDEV02084,8,1,5,0.125,False
FKDEV02085,4,0,0,0.0,False
FKDEV02086,3,0,0,0.0,False
FKDEV02087,10,2,4,0.2,False
FKDEV02088,1,0,0,0.0,False
FKDEV02089,41,11,23,0.2683,True
FKDEV02090,3,0,0,0.0,False
FKDEV02091,1,0,0,0.0,False
FKDEV02092,2,0,0,0.0,False
FKDEV02093,12,0,10,0.0,False
FKDEV02094,28,1,0,0.0357,False
FKDEV02095,1,0,0,0.0,False
FKDEV02096,2,0,0,0.0,False
FKDEV02097,110,0,0,0.0,False
FKDEV02098,14,1,8,0.0714,False
FKDEV02099,4,1,0,0.25,False
FKDEV02100,5,1,0,0.2,False
FKDEV02101,13,1,7,0.0769,False
FKDEV02102,52,1,4,0.0192,False
FKDEV02103,39,2,3,0.0513,False
FKDEV02104,3,0,0,0.0,False
FKDEV02105,21,1,4,0.0476,False
FKDEV02106,1,0,0,0.0,False
FKDEV02107,1,0,0,0.0,False
FKDEV02108,4,0,0,0.0,False
FKDEV02109,14,4,2,0.2857,True
FKDEV02110,47,4,1,0.0851,False
FKDEV02111,1,0,0,0.0,False
FKDEV02112,11,4,2,0.3636,True
FKDEV02113,7,0,3,0.0,False
FKDEV02114,1,0,0,0.0,False
FKDEV02115,2,0,0,0.0,False
FKDEV02116,1,0,0,0.0,False
FKDEV02117,23,1,0,0.0435,False
FKDEV02118,25,1,12,0.04,False
FKDEV02119,16,1,5,0.0625,False
FKDEV02120,11,3,3,0.2727,True
FKDEV02121,4,0,1,0.0,False
FKDEV02122,4,0,0,0.0,False
FKDEV02123,6,1,0,0.1667,False
FKDEV02124,6,0,0,0.0,False
FKDEV02125,6,0,3,0.0,False
FKDEV02126,6,1,2,0.1667,False
FKDEV02127,3,0,0,0.0,False
FKDEV02128,28,0,0,0.0,False
FKDEV02129,1,0,0,0.0,False
FKDEV02130,4,0,2,0.0,False
FKDEV02131,9,0,0,0.0,False
FKDEV02132,1,0,0,0.0,False
FKDEV02133,18,2,14,0.1111,False
FKDEV02134,32,0,1,0.0,False
FKDEV02135,22,0,6,0.0,False
FKDEV02136,12,1,9,0.0833,False
FKDEV02137,6,0,2,0.0,False
FKDEV02138,1,0,0,0.0,False
FKDEV02139,1,0,0,0.0,False
FKDEV02140,8,0,1,0.0,False
FKDEV02141,11,2,7,0.1818,False
FKDEV02142,24,1,0,0.0417,False
FKDEV02143,5,0,3,0.0,False
FKDEV02144,25,0,17,0.0,False
FKDEV02145,3,0,0,0.0,False
FKDEV02146,2,1,0,0.5,True
FKDEV02147,54,14,17,0.2593,True
FKDEV02148,1,0,0,0.0,False
FKDEV02149,35,6,20,0.1714,False
FKDEV02150,26,0,5,0.0,False
FKDEV02151,48,12,29,0.25,False
FKDEV02152,51,0,1,0.0,False
FKDEV02153,7,0,0,0.0,False
FKDEV02154,3,0,0,0.0,False
FKDEV02155,11,0,0,0.0,False
FKDEV02156,1,0,0,0.0,False
FKDEV02157,12,0,0,0.0,False
FKDEV02158,1,0,0,0.0,False
FKDEV02159,8,0,0,0.0,False
FKDEV02160,3,0,2,0.0,False
FKDEV02161,3,0,2,0.0,False
FKDEV02162,1,0,0,0.0,False
FKDEV02163,3,0,0,0.0,False
FKDEV02164,25,0,3,0.0,False
FKDEV02165,8,3,0,0.375,True
FKDEV02166,35,0,0,0.0,False
FKDEV02167,6,1,0,0.1667,False
FKDEV02168,2,0,1,0.0,False
FKDEV02169,1,0,0,0.0,False
FKDEV02170,1,0,0,0.0,False
FKDEV02171,6,1,2,0.1667,False
FKDEV02172,1,0,0,0.0,False
FKDEV02173,7,0,0,0.0,False
FKDEV02174,1,0,0,0.0,False
FKDEV02175,1,0,0,0.0,False
FKDEV02176,2,0,0,0.0,False
FKDEV02177,11,0,4,0.0,False
FKDEV02178,15,3,5,0.2,False
FKDEV02179,1,0,0,0.0,False
FKDEV02180,1,0,0,0.0,False
FKDEV02181,228,24,75,0.1053,False
FKDEV02182,1,0,0,0.0,False
FKDEV02183,3,0,0,0.0,False
FKDEV02184,16,3,9,0.1875,False
FKDEV02185,4,0,1,0.0,False
FKDEV02186,2,0,0,0.0,False
FKDEV02187,3,0,2,0.0,False
FKDEV02188,1,0,0,0.0,False
FKDEV02189,2,0,0,0.0,False
FKDEV02190,1,0,0,0.0,False
FKDEV02191,33,0,6,0.0,False
FKDEV02192,10,0,1,0.0,False
FKDEV02193,8,0,0,0.0,False
FKDEV02194,2,0,0,0.0,False
FKDEV02195,2,0,0,0.0,False
FKDEV02196,4,0,0,0.0,False
FKDEV02197,1,0,0,0.0,False
FKDEV02198,2,0,0,0.0,False
FKDEV02199,4,1,2,0.25,False
FKDEV02200,46,3,26,0.0652,False
FKDEV02201,1,0,0,0.0,False
FKDEV02202,17,0,0,0.0,False
FKDEV02203,8,0,2,0.0,False
FKDEV02204,1,0,0,0.0,False
FKDEV02205,3,0,1,0.0,False
FKDEV02206,38,1,0,0.0263,False
FKDEV02207,4,0,2,0.0,False
FKDEV02208,8,0,7,0.0,False
FKDEV02209,1,0,0,0.0,False
FKDEV02210,4,1,1,0.25,False
FKDEV02211,7,2,2,0.2857,True
FKDEV02212,2,0,0,0.0,False
FKDEV02213,6,0,0,0.0,False
FKDEV02214,21,4,0,0.1905,False
FKDEV02215,4,0,0,0.0,False
FKDEV02216,24,2,14,0.0833,False
FKDEV02217,7,0,3,0.0,False
FKDEV02218,135,32,61,0.237,False
FKDEV02219,2,0,0,0.0,False
FKDEV02220,1,0,0,0.0,False
FKDEV02221,4,0,0,0.0,False
FKDEV02222,1,0,0,0.0,False
FKDEV02223,14,2,8,0.1429,False
FKDEV02224,5,1,1,0.2,False
FKDEV02225,14,0,0,0.0,False
FKDEV02226,12,0,0,0.0,False
FKDEV02227,11,0,0,0.0,False
FKDEV02228,3,0,2,0.0,False
FKDEV02229,3,0,1,0.0,False
FKDEV02230,2,0,0,0.0,False
FKDEV02231,12,2,9,0.1667,False
FKDEV02232,14,0,0,0.0,False
FKDEV02233,3,0,0,0.0,False
FKDEV02234,1,0,0,0.0,False
FKDEV02235,5,0,2,0.0,False
FKDEV02236,144,106,16,0.7361,True
FKDEV02237,1,0,0,0.0,False
FKDEV02238,4,1,0,0.25,False
FKDEV02239,4,0,0,0.0,False
FKDEV02240,20,0,0,0.0,False
FKDEV02241,2,0,0,0.0,False
FKDEV02242,223,33,157,0.148,False
FKDEV02243,5,0,4,0.0,False
FKDEV02244,1,0,0,0.0,False
FKDEV02245,2,1,0,0.5,True
FKDEV02246,13,2,9,0.1538,False
FKDEV02247,17,2,0,0.1176,False
FKDEV02248,5,0,0,0.0,False
FKDEV02249,10,2,6,0.2,False
FKDEV02250,6,0,0,0.0,False
FKDEV02251,8,0,7,0.0,False
FKDEV02252,46,0,2,0.0,False
FKDEV02253,55,14,11,0.2545,True
FKDEV02254,5,0,4,0.0,False
FKDEV02255,1,0,0,0.0,False
FKDEV02256,2,0,1,0.0,False
FKDEV02257,4,0,1,0.0,False
FKDEV02258,1,0,0,0.0,False
FKDEV02259,1,0,0,0.0,False
FKDEV02260,7,3,1,0.4286,True
FKDEV02261,5,0,2,0.0,False
FKDEV02262,92,0,2,0.0,False
FKDEV02263,29,0,0,0.0,False
FKDEV02264,2,0,1,0.0,False
FKDEV02265,7,1,2,0.1429,False
FKDEV02266,11,0,1,0.0,False
FKDEV02267,3,0,0,0.0,False
FKDEV02268,1,0,0,0.0,False
FKDEV02269,112,77,31,0.6875,True
FKDEV02270,10,0,0,0.0,False
FKDEV02271,1,0,0,0.0,False
FKDEV02272,4,1,2,0.25,False
FKDEV02273,1,0,0,0.0,False
FKDEV02274,2,1,0,0.5,True
FKDEV02275,22,2,5,0.0909,False
FKDEV02276,6,0,4,0.0,False
FKDEV02277,5,0,1,0.0,False
FKDEV02278,16,0,8,0.0,False
FKDEV02279,2,0,1,0.0,False
FKDEV02280,2,0,0,0.0,False
FKDEV02281,1,0,0,0.0,False
FKDEV02282,2,0,1,0.0,False
FKDEV02283,1,0,0,0.0,False
FKDEV02284,1,0,0,0.0,False
FKDEV02285,3,0,0,0.0,False
FKDEV02286,6,0,2,0.0,False
FKDEV02287,4,1,2,0.25,False
FKDEV02288,3,0,0,0.0,False
FKDEV02289,1,0,0,0.0,False
FKDEV02290,4,0,0,0.0,False
FKDEV02291,62,1,1,0.0161,False
FKDEV02292,1,0,0,0.0,False
FKDEV02293,2,0,0,0.0,False
FKDEV02294,28,2,23,0.0714,False
FKDEV02295,2,0,1,0.0,False
FKDEV02296,23,1,10,0.0435,False
FKDEV02297,2,0,0,0.0,False
FKDEV02298,4,0,2,0.0,False
FKDEV02299,6,0,1,0.0,False
FKDEV02300,15,4,10,0.2667,True
FKDEV02301,4,2,0,0.5,True
FKDEV02302,2,0,1,0.0,False
FKDEV02303,1,0,0,0.0,False
FKDEV02304,11,0,6,0.0,False
FKDEV02305,5,0,1,0.0,False
FKDEV02306,6,1,2,0.1667,False
FKDEV02307,13,0,0,0.0,False
FKDEV02308,14,0,0,0.0,False
FKDEV02309,8,0,7,0.0,False
FKDEV02310,3,0,0,0.0,False
FKDEV02311,58,0,0,0.0,False
FKDEV02312,1,0,0,0.0,False
FKDEV02313,7,0,3,0.0,False
FKDEV02314,12,1,1,0.0833,False
FKDEV02315,7,1,2,0.1429,False
FKDEV02316,30,0,20,0.0,False
FKDEV02317,7,0,0,0.0,False
FKDEV02318,23,1,1,0.0435,False
FKDEV02319,3,0,0,0.0,False
FKDEV02320,4,0,0,0.0,False
FKDEV02321,4,0,1,0.0,False
FKDEV02322,26,11,1,0.4231,True
FKDEV02323,9,0,1,0.0,False
FKDEV02324,16,5,9,0.3125,True
FKDEV02325,5,0,1,0.0,False
FKDEV02326,9,2,4,0.2222,False
FKDEV02327,2,0,1,0.0,False
FKDEV02328,44,6,31,0.1364,False
FKDEV02329,33,1,20,0.0303,False
FKDEV02330,35,4,0,0.1143,False
FKDEV02331,5,0,0,0.0,False
FKDEV02332,9,0,1,0.0,False
FKDEV02333,40,8,17,0.2,False
FKDEV02334,43,4,1,0.093,False
FKDEV02335,2,0,0,0.0,False
FKDEV02336,2,0,0,0.0,False
FKDEV02337,10,2,6,0.2,False
FKDEV02338,2,0,0,0.0,False
FKDEV02339,4,0,3,0.0,False
FKDEV02340,18,4,7,0.2222,False
FKDEV02341,11,0,0,0.0,False
FKDEV02342,43,12,14,0.2791,True
FKDEV02343,2,0,0,0.0,False
FKDEV02344,13,0,8,0.0,False
FKDEV02345,4,0,0,0.0,False
FKDEV02346,2,0,0,0.0,False
FKDEV02347,5,0,2,0.0,False
FKDEV02348,4,0,0,0.0,False
FKDEV02349,7,0,1,0.0,False
FKDEV02350,20,6,9,0.3,True
FKDEV02351,3,0,0,0.0,False
FKDEV02352,2,1,0,0.5,True
FKDEV02353,7,0,0,0.0,False
FKDEV02354,1,0,0,0.0,False
FKDEV02355,17,0,10,0.0,False
FKDEV02356,10,0,0,0.0,False
FKDEV02357,7,1,4,0.1429,False
FKDEV02358,4,0,1,0.0,False
FKDEV02359,1,0,0,0.0,False
FKDEV02360,18,0,0,0.0,False
FKDEV02361,7,1,4,0.1429,False
FKDEV02362,5,0,0,0.0,False
FKDEV02363,16,2,4,0.125,False
FKDEV02364,9,3,0,0.3333,True
FKDEV02365,8,1,1,0.125,False
FKDEV02366,1,0,0,0.0,False
FKDEV02367,6,1,3,0.1667,False
FKDEV02368,12,0,2,0.0,False
FKDEV02369,3,0,0,0.0,False
FKDEV02370,1,0,0,0.0,False
FKDEV02371,1,0,0,0.0,False
FKDEV02372,11,0,0,0.0,False
FKDEV02373,25,1,3,0.04,False
FKDEV02374,1,0,0,0.0,False
FKDEV02375,127,12,99,0.0945,False
FKDEV02376,2,0,0,0.0,False
FKDEV02377,4,0,0,0.0,False
FKDEV02378,1,0,0,0.0,False
FKDEV02379,3,0,2,0.0,False
FKDEV02380,12,1,3,0.0833,False
FKDEV02381,17,0,14,0.0,False
FKDEV02382,1,0,0,0.0,False
FKDEV02383,1,0,0,0.0,False
FKDEV02384,10,0,2,0.0,False
FKDEV02385,1,0,0,0.0,False
FKDEV02386,3,1,2,0.3333,True
FKDEV02387,2,0,1,0.0,False
FKDEV02388,12,0,0,0.0,False
FKDEV02389,3,0,2,0.0,False
FKDEV02390,8,1,2,0.125,False
FKDEV02391,12,1,9,0.0833,False
FKDEV02392,9,4,5,0.4444,True
FKDEV02393,3,0,2,0.0,False
FKDEV02394,1,1,0,1.0,True
FKDEV02395,26,3,21,0.1154,False
FKDEV02396,1,1,0,1.0,True
FKDEV02397,10,0,3,0.0,False
FKDEV02398,4,0,2,0.0,False
FKDEV02399,7,1,5,0.1429,False
FKDEV02400,2,0,2,0.0,False
FKDEV02401,2,0,1,0.0,False
FKDEV02402,3,0,1,0.0,False
FKDEV02403,1,0,0,0.0,False
FKDEV02404,13,2,5,0.1538,False
FKDEV02405,7,0,2,0.0,False
FKDEV02406,3,0,0,0.0,False
FKDEV02407,7,0,4,0.0,False
FKDEV02408,2,1,1,0.5,True
FKDEV02409,4,0,2,0.0,False
FKDEV02410,7,2,4,0.2857,True
FKDEV02411,2,0,0,0.0,False
FKDEV02412,29,0,22,0.0,False
FKDEV02413,1,0,1,0.0,False
FKDEV02414,6,1,3,0.1667,False
FKDEV02415,1,0,1,0.0,False
FKDEV02416,3,1,1,0.3333,True
FKDEV02417,2,0,0,0.0,False
FKDEV02418,11,0,0,0.0,False
FKDEV02419,21,1,13,0.0476,False
FKDEV02420,1,0,0,0.0,False
FKDEV02421,25,1,15,0.04,False
FKDEV02422,3,1,1,0.3333,True
FKDEV02423,3,0,0,0.0,False
FKDEV02424,2,0,1,0.0,False
FKDEV02425,2,0,1,0.0,False
FKDEV02426,3,0,0,0.0,False
FKDEV02427,1,0,0,0.0,False
FKDEV02428,1,0,0,0.0,False
FKDEV02429,4,0,0,0.0,False
FKDEV02430,492,205,259,0.4167,True
FKDEV02431,3,2,0,0.6667,True
FKDEV02432,1,0,0,0.0,False
FKDEV02433,2,0,0,0.0,False
FKDEV02434,1,0,0,0.0,False
FKDEV02435,15,3,11,0.2,False
FKDEV02436,74,10,63,0.1351,False
FKDEV02437,1,0,0,0.0,False
FKDEV02438,2,0,0,0.0,False
FKDEV02439,13,7,2,0.5385,True
FKDEV02440,1,0,0,0.0,False
FKDEV02441,19,6,6,0.3158,True
FKDEV02442,5,0,0,0.0,False
FKDEV02443,1,0,0,0.0,False
FKDEV02444,8,0,4,0.0,False
FKDEV02445,1,0,0,0.0,False
FKDEV02446,8,1,0,0.125,False
FKDEV02447,2,0,2,0.0,False
FKDEV02448,29,3,10,0.1034,False
FKDEV02449,17,1,7,0.0588,False
FKDEV02450,1,0,1,0.0,False
FKDEV02451,3,0,1,0.0,False
FKDEV02452,1,0,1,0.0,False
FKDEV02453,1,0,1,0.0,False
FKDEV02454,4,0,4,0.0,False
FKDEV02455,2,2,0,1.0,True
FKDEV02456,44,28,13,0.6364,True
FKDEV02457,7,2,0,0.2857,True
FKDEV02458,9,5,3,0.5556,True
FKDEV02459,3,2,1,0.6667,True
FKDEV02460,1,1,0,1.0,True
FKDEV02461,9,1,8,0.1111,False
FKDEV02462,3,1,2,0.3333,True
FKDEV02463,1,1,0,1.0,True
FKDEV02464,7,2,5,0.2857,True
FKDEV02465,1,1,0,1.0,True
FKDEV02466,14,3,4,0.2143,False
FKDEV02467,1,1,0,1.0,True
FKDEV02468,1,1,0,1.0,True
FKDEV02469,1,1,0,1.0,True
FKDEV02470,1,1,0,1.0,True
FKDEV02471,4,3,1,0.75,True
FKDEV02472,1,0,0,0.0,False
FKDEV02473,7,0,1,0.0,False
FKDEV02474,9,3,6,0.3333,True
FKDEV02475,2,1,1,0.5,True
FKDEV02476,1,1,0,1.0,True
FKDEV02477,25,0,0,0.0,False
FKDEV02478,1,0,0,0.0,False
FKDEV02479,1,1,0,1.0,True
FKDEV02480,1,1,0,1.0,True
FKDEV02481,9,0,0,0.0,False
FKDEV02482,1,0,0,0.0,False
FKDEV02483,77,0,0,0.0,False
FKDEV02484,45,6,38,0.1333,False
FKDEV02485,2,0,0,0.0,False
FKDEV02486,7,1,5,0.1429,False
FKDEV02487,17,7,7,0.4118,True
FKDEV02488,22,8,11,0.3636,True
FKDEV02489,5,0,0,0.0,False
FKDEV02490,53,4,46,0.0755,False
FKDEV02491,16,7,7,0.4375,True
FKDEV02492,4,0,2,0.0,False
FKDEV02493,18,4,11,0.2222,False
FKDEV02494,11,1,2,0.0909,False
FKDEV02495,99,36,48,0.3636,True
FKDEV02496,1,0,0,0.0,False
FKDEV02497,38,5,32,0.1316,False
FKDEV02498,4,0,0,0.0,False
FKDEV02499,7,1,4,0.1429,False
FKDEV02500,2,0,1,0.0,False
FKDEV02501,2,0,1,0.0,False
FKDEV02502,7,0,4,0.0,False
FKDEV02503,108,13,93,0.1204,False
FKDEV02504,10,0,0,0.0,False
FKDEV02505,8,0,5,0.0,False
FKDEV02506,19,1,4,0.0526,False
FKDEV02507,4,0,1,0.0,False
FKDEV02508,1,0,0,0.0,False
FKDEV02509,24,2,16,0.0833,False
FKDEV02510,62,17,0,0.2742,True
FKDEV02511,1,0,0,0.0,False
FKDEV02512,2,0,0,0.0,False
FKDEV02513,4,0,2,0.0,False
FKDEV02514,4,0,0,0.0,False
FKDEV02515,12,4,5,0.3333,True
FKDEV02516,23,5,12,0.2174,False
FKDEV02517,5,2,2,0.4,True
FKDEV02518,4,0,2,0.0,False
FKDEV02519,38,4,29,0.1053,False
FKDEV02520,51,21,25,0.4118,True
FKDEV02521,2,0,0,0.0,False
FKDEV02522,6,1,4,0.1667,False
FKDEV02523,87,10,73,0.1149,False
FKDEV02524,59,15,40,0.2542,True
FKDEV02525,181,73,92,0.4033,True
FKDEV02526,2,0,1,0.0,False
FKDEV02527,2,0,0,0.0,False
FKDEV02528,8,1,1,0.125,False
FKDEV02529,2,0,1,0.0,False
FKDEV02530,81,22,50,0.2716,True
FKDEV02531,41,9,20,0.2195,False
FKDEV02532,28,4,20,0.1429,False
FKDEV02533,12,4,7,0.3333,True
FKDEV02534,31,16,12,0.5161,True
FKDEV02535,6,2,3,0.3333,True
FKDEV02536,2,0,0,0.0,False
FKDEV02537,6,1,2,0.1667,False
FKDEV02538,84,16,63,0.1905,False
FKDEV02539,2,0,0,0.0,False
FKDEV02540,2,0,1,0.0,False
FKDEV02541,10,3,2,0.3,True
FKDEV02542,5,1,2,0.2,False
FKDEV02543,1,0,0,0.0,False
FKDEV02544,24,5,12,0.2083,False
FKDEV02545,6,0,2,0.0,False
FKDEV02546,3,0,2,0.0,False
FKDEV02547,21,2,16,0.0952,False
FKDEV02548,13,0,10,0.0,False
FKDEV02549,2,0,0,0.0,False
FKDEV02550,34,2,29,0.0588,False
FKDEV02551,57,1,8,0.0175,False
FKDEV02552,11,2,4,0.1818,False
FKDEV02553,20,4,15,0.2,False
FKDEV02554,31,7,10,0.2258,False
FKDEV02555,12,1,4,0.0833,False
FKDEV02556,71,2,50,0.0282,False
FKDEV02557,14,7,2,0.5,True
FKDEV02558,2,0,0,0.0,False
FKDEV02559,1,0,0,0.0,False
FKDEV02560,19,9,6,0.4737,True
FKDEV02561,1,0,0,0.0,False
FKDEV02562,1,1,0,1.0,True
FKDEV02563,4,0,0,0.0,False
FKDEV02564,1,0,0,0.0,False
FKDEV02565,2,0,0,0.0,False
FKDEV02566,2,0,1,0.0,False
FKDEV02567,7,0,0,0.0,False
FKDEV02568,6,1,4,0.1667,False
FKDEV02569,10,1,8,0.1,False
FKDEV02570,1,0,0,0.0,False
FKDEV02571,6,0,0,0.0,False
FKDEV02572,1,0,0,0.0,False
FKDEV02573,3,0,0,0.0,False
FKDEV02574,46,12,34,0.2609,True
FKDEV02575,8,2,6,0.25,False
FKDEV02576,27,9,18,0.3333,True
FKDEV02577,4,1,3,0.25,False
FKDEV02578,2,2,0,1.0,True
FKDEV02579,3,0,3,0.0,False
FKDEV02580,3,1,1,0.3333,True
FKDEV02581,11,1,10,0.0909,False
FKDEV02582,2,0,2,0.0,False
FKDEV02583,136,73,60,0.5368,True
FKDEV02584,3,0,2,0.0,False
FKDEV02585,1,0,0,0.0,False
FKDEV02586,9,3,6,0.3333,True
FKDEV02587,4,0,0,0.0,False
FKDEV02588,3,0,0,0.0,False
FKDEV02589,28,11,17,0.3929,True
FKDEV02590,1,0,1,0.0,False
FKDEV02591,3,3,0,1.0,True
FKDEV02592,9,3,4,0.3333,True
FKDEV02593,26,5,21,0.1923,False
FKDEV02594,1,0,1,0.0,False
FKDEV02595,10,1,9,0.1,False
FKDEV02596,3,0,3,0.0,False
FKDEV02597,21,17,4,0.8095,True
FKDEV02598,9,1,8,0.1111,False
FKDEV02599,5,0,5,0.0,False
FKDEV02600,6,1,4,0.1667,False
FKDEV02601,122,88,21,0.7213,True
FKDEV02602,12,2,10,0.1667,False
FKDEV02603,4,0,4,0.0,False
FKDEV02604,14,3,11,0.2143,False
FKDEV02605,1,0,1,0.0,False
FKDEV02606,3,1,2,0.3333,True
FKDEV02607,24,7,17,0.2917,True
FKDEV02608,2,1,1,0.5,True
FKDEV02609,5,1,4,0.2,False
FKDEV02610,10,7,3,0.7,True
FKDEV02611,1,1,0,1.0,True
FKDEV02612,24,0,19,0.0,False
FKDEV02613,3,0,3,0.0,False
FKDEV02614,18,8,10,0.4444,True
FKDEV02615,8,2,6,0.25,False
FKDEV02616,26,1,25,0.0385,False
FKDEV02617,6,0,6,0.0,False
FKDEV02618,4,0,4,0.0,False
FKDEV02619,1,0,0,0.0,False
FKDEV02620,11,4,4,0.3636,True
FKDEV02621,41,2,28,0.0488,False
FKDEV02622,14,4,10,0.2857,True
FKDEV02623,6,0,5,0.0,False
FKDEV02624,18,4,14,0.2222,False
FKDEV02625,1,0,1,0.0,False
FKDEV02626,13,3,10,0.2308,False
FKDEV02627,5,3,1,0.6,True
FKDEV02628,7,3,4,0.4286,True
FKDEV02629,5,1,4,0.2,False
FKDEV02630,23,13,10,0.5652,True
FKDEV02631,16,5,11,0.3125,True
FKDEV02632,1,0,1,0.0,False
FKDEV02633,7,2,5,0.2857,True
FKDEV02634,10,1,9,0.1,False
FKDEV02635,7,1,6,0.1429,False
FKDEV02636,2,0,2,0.0,False
FKDEV02637,2,2,0,1.0,True
FKDEV02638,2,0,2,0.0,False
FKDEV02639,4,0,4,0.0,False
FKDEV02640,9,1,7,0.1111,False
FKDEV02641,25,3,22,0.12,False
FKDEV02642,3,1,2,0.3333,True
FKDEV02643,3,0,3,0.0,False
FKDEV02644,4,4,0,1.0,True
FKDEV02645,4,1,3,0.25,False
FKDEV02646,1,1,0,1.0,True
FKDEV02647,8,0,5,0.0,False
FKDEV02648,4,2,2,0.5,True
FKDEV02649,6,0,6,0.0,False
FKDEV02650,1,0,1,0.0,False
FKDEV02651,9,1,8,0.1111,False
FKDEV02652,11,3,8,0.2727,True
FKDEV02653,24,0,20,0.0,False
FKDEV02654,1,0,1,0.0,False
FKDEV02655,1,0,0,0.0,False
FKDEV02656,3,0,3,0.0,False
FKDEV02657,1,0,0,0.0,False
FKDEV02658,10,0,10,0.0,False
FKDEV02659,7,4,3,0.5714,True
FKDEV02660,1,0,1,0.0,False
FKDEV02661,30,3,26,0.1,False
FKDEV02662,1,0,1,0.0,False
FKDEV02663,2,0,1,0.0,False
FKDEV02664,13,4,9,0.3077,True
FKDEV02665,1,0,0,0.0,False
FKDEV02666,2,1,1,0.5,True
FKDEV02667,3,0,3,0.0,False
FKDEV02668,21,3,18,0.1429,False
FKDEV02669,8,1,7,0.125,False
FKDEV02670,30,9,19,0.3,True
FKDEV02671,3,0,3,0.0,False
FKDEV02672,2,1,1,0.5,True
FKDEV02673,2,1,1,0.5,True
FKDEV02674,1,1,0,1.0,True
FKDEV02675,20,5,15,0.25,False
FKDEV02676,9,3,5,0.3333,True
FKDEV02677,13,10,3,0.7692,True
FKDEV02678,1,0,1,0.0,False
FKDEV02679,11,3,8,0.2727,True
FKDEV02680,6,0,5,0.0,False
FKDEV02681,2,0,2,0.0,False
FKDEV02682,2,1,1,0.5,True
FKDEV02683,6,1,3,0.1667,False
FKDEV02684,5,1,3,0.2,False
FKDEV02685,1,1,0,1.0,True
FKDEV02686,25,4,21,0.16,False
FKDEV02687,1,0,1,0.0,False
FKDEV02688,11,1,10,0.0909,False
FKDEV02689,1,1,0,1.0,True
FKDEV02690,7,0,6,0.0,False
FKDEV02691,7,5,2,0.7143,True
FKDEV02692,18,1,16,0.0556,False
FKDEV02693,8,1,5,0.125,False
FKDEV02694,13,2,11,0.1538,False
FKDEV02695,10,2,7,0.2,False
FKDEV02696,15,6,9,0.4,True
FKDEV02697,24,3,21,0.125,False
FKDEV02698,26,3,23,0.1154,False
FKDEV02699,8,2,6,0.25,False
FKDEV02700,1,0,1,0.0,False
FKDEV02701,2,0,2,0.0,False
FKDEV02702,1,0,1,0.0,False
FKDEV02703,8,2,6,0.25,False
FKDEV02704,3,1,2,0.3333,True
FKDEV02705,1,1,0,1.0,True
FKDEV02706,28,12,16,0.4286,True
FKDEV02707,2,0,2,0.0,False
FKDEV02708,3,1,2,0.3333,True
FKDEV02709,13,1,12,0.0769,False
FKDEV02710,1,0,1,0.0,False
FKDEV02711,3,0,3,0.0,False
FKDEV02712,8,0,8,0.0,False
FKDEV02713,20,5,13,0.25,False
FKDEV02714,4,1,3,0.25,False
FKDEV02715,5,1,4,0.2,False
FKDEV02716,3,2,1,0.6667,True
FKDEV02717,1,0,1,0.0,False
FKDEV02718,1,0,1,0.0,False
FKDEV02719,5,0,5,0.0,False
FKDEV02720,3,0,2,0.0,False
FKDEV02721,4,1,3,0.25,False
FKDEV02722,3,0,3,0.0,False
FKDEV02723,1,0,1,0.0,False
FKDEV02724,1,0,1,0.0,False
FKDEV02725,2,0,2,0.0,False
FKDEV02726,3,1,2,0.3333,True
FKDEV02727,5,0,4,0.0,False
FKDEV02728,13,6,7,0.4615,True
FKDEV02729,4,1,2,0.25,False
FKDEV02730,1,0,1,0.0,False
FKDEV02731,1,0,1,0.0,False
FKDEV02732,2,0,2,0.0,False
FKDEV02733,8,1,5,0.125,False
FKDEV02734,5,0,5,0.0,False
FKDEV02735,5,3,2,0.6,True
FKDEV02736,11,4,7,0.3636,True
FKDEV02737,5,0,5,0.0,False
FKDEV02738,1,0,1,0.0,False
FKDEV02739,6,0,6,0.0,False
FKDEV02740,6,0,6,0.0,False
FKDEV02741,7,1,6,0.1429,False
FKDEV02742,1,0,1,0.0,False
FKDEV02743,3,0,3,0.0,False
FKDEV02744,1,0,1,0.0,False
FKDEV02745,4,0,4,0.0,False
FKDEV02746,3,0,3,0.0,False
FKDEV02747,1,0,1,0.0,False
FKDEV02748,1,0,1,0.0,False
FKDEV02749,261,40,208,0.1533,False
FKDEV02750,6,1,4,0.1667,False
FKDEV02751,5,0,5,0.0,False
FKDEV02752,9,1,8,0.1111,False
FKDEV02753,29,2,24,0.069,False
FKDEV02754,3,0,3,0.0,False
FKDEV02755,2,0,2,0.0,False
FKDEV02756,21,0,11,0.0,False
FKDEV02757,1,0,1,0.0,False
FKDEV02758,3,0,3,0.0,False
FKDEV02759,1,0,1,0.0,False
FKDEV02760,3,0,3,0.0,False
FKDEV02761,7,1,4,0.1429,False
FKDEV02762,5,1,4,0.2,False
FKDEV02763,1,0,1,0.0,False
FKDEV02764,9,2,4,0.2222,False
FKDEV02765,5,0,5,0.0,False
FKDEV02766,4,1,2,0.25,False
FKDEV02767,4,0,0,0.0,False
FKDEV02768,1,1,0,1.0,True
FKDEV02769,2,0,2,0.0,False
FKDEV02770,1,1,0,1.0,True
FKDEV02771,1,0,1,0.0,False
FKDEV02772,5,2,3,0.4,True
FKDEV02773,3,0,3,0.0,False
FKDEV02774,1,0,0,0.0,False
FKDEV02775,3,0,3,0.0,False
FKDEV02776,6,0,6,0.0,False
FKDEV02777,2,1,1,0.5,True
FKDEV02778,2,0,0,0.0,False
FKDEV02779,2,0,1,0.0,False
FKDEV02780,5,0,4,0.0,False
FKDEV02781,1,1,0,1.0,True
FKDEV02782,1,0,1,0.0,False
FKDEV02783,1,1,0,1.0,True
FKDEV02784,1,0,1,0.0,False
FKDEV02785,13,3,10,0.2308,False
FKDEV02786,1,0,1,0.0,False
FKDEV02787,2,0,1,0.0,False
FKDEV02788,4,1,3,0.25,False
FKDEV02789,6,1,5,0.1667,False
FKDEV02790,8,0,8,0.0,False
FKDEV02791,8,4,4,0.5,True
FKDEV02792,4,0,3,0.0,False
FKDEV02793,1,1,0,1.0,True
FKDEV02794,1,1,0,1.0,True
FKDEV02795,1,0,1,0.0,False
FKDEV02796,4,3,1,0.75,True
FKDEV02797,4,1,3,0.25,False
FKDEV02798,5,2,3,0.4,True
FKDEV02799,2,1,1,0.5,True
FKDEV02800,3,2,1,0.6667,True
FKDEV02801,3,0,3,0.0,False
FKDEV02802,8,4,4,0.5,True
FKDEV02803,1,0,0,0.0,False
FKDEV02804,10,2,7,0.2,False
FKDEV02805,2,0,2,0.0,False
FKDEV02806,2,0,0,0.0,False
FKDEV02807,2,0,1,0.0,False
FKDEV02808,1,0,1,0.0,False
FKDEV02809,3,0,3,0.0,False
FKDEV02810,1,0,1,0.0,False
FKDEV02811,1,0,1,0.0,False
FKDEV02812,1,0,1,0.0,False
FKDEV02813,2,0,2,0.0,False
FKDEV02814,1,0,1,0.0,False
FKDEV02815,3,0,3,0.0,False
FKDEV02816,5,0,5,0.0,False
FKDEV02817,16,2,14,0.125,False
FKDEV02818,3,2,1,0.6667,True
FKDEV02819,5,2,3,0.4,True
FKDEV02820,2,0,2,0.0,False
FKDEV02821,2,1,1,0.5,True
FKDEV02822,3,1,2,0.3333,True
FKDEV02823,6,2,4,0.3333,True
FKDEV02824,3,2,1,0.6667,True
FKDEV02825,4,0,1,0.0,False
FKDEV02826,2,0,2,0.0,False
FKDEV02827,8,4,3,0.5,True
FKDEV02828,2,0,2,0.0,False
FKDEV02829,1,1,0,1.0,True
FKDEV02830,2,0,2,0.0,False
FKDEV02831,2,0,2,0.0,False
FKDEV02832,2,0,2,0.0,False
FKDEV02833,1,0,1,0.0,False
FKDEV02834,1,0,1,0.0,False
FKDEV02835,3,0,3,0.0,False
FKDEV02836,1,0,1,0.0,False
FKDEV02837,11,3,8,0.2727,True
FKDEV02838,1,0,1,0.0,False
FKDEV02839,3,0,3,0.0,False
FKDEV02840,3,0,3,0.0,False
FKDEV02841,1,0,1,0.0,False
FKDEV02842,19,2,17,0.1053,False
FKDEV02843,1,0,1,0.0,False
FKDEV02844,2,0,2,0.0,False
FKDEV02845,2,1,1,0.5,True
FKDEV02846,20,11,9,0.55,True
FKDEV02847,4,0,4,0.0,False
FKDEV02848,4,0,4,0.0,False
FKDEV02849,1,0,1,0.0,False
FKDEV02850,1,0,1,0.0,False
FKDEV02851,1,0,1,0.0,False
FKDEV02852,2,1,0,0.5,True
FKDEV02853,5,2,3,0.4,True
FKDEV02854,4,0,4,0.0,False
FKDEV02855,2,0,2,0.0,False
FKDEV02856,12,4,8,0.3333,True
FKDEV02857,3,1,2,0.3333,True
FKDEV02858,7,5,2,0.7143,True
FKDEV02859,3,2,1,0.6667,True
FKDEV02860,3,0,2,0.0,False
FKDEV02861,1,0,1,0.0,False
FKDEV02862,1,0,1,0.0,False
FKDEV02863,2,0,2,0.0,False
FKDEV02864,15,2,13,0.1333,False
FKDEV02865,1,0,1,0.0,False
FKDEV02866,1,0,1,0.0,False
FKDEV02867,9,4,5,0.4444,True
FKDEV02868,7,4,3,0.5714,True
FKDEV02869,3,3,0,1.0,True
FKDEV02870,2,1,1,0.5,True
FKDEV02871,1,1,0,1.0,True
FKDEV02872,2,1,1,0.5,True
FKDEV02873,1,0,1,0.0,False
FKDEV02874,1,0,1,0.0,False
FKDEV02875,11,6,5,0.5455,True
FKDEV02876,2,0,2,0.0,False
FKDEV02877,1,0,1,0.0,False
FKDEV02878,3,0,0,0.0,False
FKDEV02879,1,1,0,1.0,True
FKDEV02880,3,0,3,0.0,False
FKDEV02881,4,0,4,0.0,False
FKDEV02882,1,0,1,0.0,False
FKDEV02883,16,15,1,0.9375,True
FKDEV02884,12,2,10,0.1667,False
FKDEV02885,3,0,1,0.0,False
FKDEV02886,3,0,3,0.0,False
FKDEV02887,12,12,0,1.0,True
FKDEV02888,11,1,9,0.0909,False
FKDEV02889,13,2,11,0.1538,False
FKDEV02890,2,1,0,0.5,True
FKDEV02891,9,5,4,0.5556,True
FKDEV02892,11,9,2,0.8182,True
FKDEV02893,1,1,0,1.0,True
FKDEV02894,1,0,0,0.0,False
FKDEV02895,1,0,1,0.0,False
FKDEV02896,5,0,4,0.0,False
FKDEV02897,3,3,0,1.0,True
FKDEV02898,5,0,4,0.0,False
FKDEV02899,40,9,30,0.225,False
FKDEV02900,2,0,2,0.0,False
FKDEV02901,5,1,4,0.2,False
FKDEV02902,1,0,1,0.0,False
FKDEV02903,3,0,3,0.0,False
FKDEV02904,20,7,13,0.35,True
FKDEV02905,7,0,7,0.0,False
FKDEV02906,1,0,0,0.0,False
FKDEV02907,1,1,0,1.0,True
FKDEV02908,1,0,1,0.0,False
FKDEV02909,1,0,0,0.0,False
FKDEV02910,3,0,3,0.0,False
FKDEV02911,2,2,0,1.0,True
FKDEV02912,5,0,5,0.0,False
FKDEV02913,2,0,2,0.0,False
FKDEV02914,6,0,6,0.0,False
FKDEV02915,1,1,0,1.0,True
FKDEV02916,6,3,3,0.5,True
FKDEV02917,1,0,1,0.0,False
FKDEV02918,2,1,0,0.5,True
FKDEV02919,17,14,3,0.8235,True
FKDEV02920,1,0,1,0.0,False
FKDEV02921,5,0,5,0.0,False
FKDEV02922,4,0,2,0.0,False
FKDEV02923,2,0,2,0.0,False
FKDEV02924,2,0,2,0.0,False
FKDEV02925,6,4,2,0.6667,True
FKDEV02926,4,1,3,0.25,False
FKDEV02927,2,0,2,0.0,False
FKDEV02928,15,4,11,0.2667,True
FKDEV02929,2,0,2,0.0,False
FKDEV02930,1,0,1,0.0,False
FKDEV02931,1,1,0,1.0,True
FKDEV02932,1,0,1,0.0,False
FKDEV02933,12,7,2,0.5833,True
FKDEV02934,1,0,1,0.0,False
FKDEV02935,4,0,3,0.0,False
FKDEV02936,3,1,2,0.3333,True
FKDEV02937,1,0,1,0.0,False
FKDEV02938,1,1,0,1.0,True
FKDEV02939,1,0,1,0.0,False
FKDEV02940,2,0,1,0.0,False
FKDEV02941,1,0,0,0.0,False
FKDEV02942,2,0,0,0.0,False
FKDEV02943,1,0,1,0.0,False
FKDEV02944,1,0,1,0.0,False
FKDEV02945,1,1,0,1.0,True
FKDEV02946,1,1,0,1.0,True
FKDEV02947,2,0,2,0.0,False
FKDEV02948,3,0,2,0.0,False
FKDEV02949,1,0,1,0.0,False
FKDEV02950,1,1,0,1.0,True
FKDEV02951,3,0,2,0.0,False
FKDEV02952,2,0,2,0.0,False
FKDEV02953,2,0,1,0.0,False
FKDEV02954,1,0,0,0.0,False
FKDEV02955,2,1,1,0.5,True
FKDEV02956,3,0,3,0.0,False
FKDEV02957,5,0,4,0.0,False
FKDEV02958,3,1,2,0.3333,True
FKDEV02959,4,1,3,0.25,False
FKDEV02960,1,0,1,0.0,False
FKDEV02961,1,1,0,1.0,True
FKDEV02962,2,0,2,0.0,False
FKDEV02963,3,0,3,0.0,False
FKDEV02964,1,0,0,0.0,False
FKDEV02965,1,0,0,0.0,False
FKDEV02966,1,0,1,0.0,False
FKDEV02967,8,2,2,0.25,False
FKDEV02968,1,0,0,0.0,False
FKDEV02969,1,0,0,0.0,False
FKDEV02970,4,0,4,0.0,False
FKDEV02971,1,0,0,0.0,False
FKDEV02972,2,0,0,0.0,False
FKDEV02973,2,1,0,0.5,True
FKDEV02974,2,0,0,0.0,False
FKDEV02975,1,0,0,0.0,False
FKDEV02976,1,0,0,0.0,False
FKDEV02977,3,0,2,0.0,False
FKDEV02978,2,0,1,0.0,False
FKDEV02979,2,0,2,0.0,False
FKDEV02980,2,0,2,0.0,False
FKDEV02981,1,0,1,0.0,False
FKDEV02982,1,0,1,0.0,False
FKDEV02983,1,1,0,1.0,True
FKDEV02984,1,1,0,1.0,True
FKDEV02985,1,0,1,0.0,False
FKDEV02986,1,1,0,1.0,True
FKDEV02987,1,1,0,1.0,True
FKDEV02988,1,1,0,1.0,True
FKDEV02989,1,0,1,0.0,False
FKDEV02990,1,0,1,0.0,False
FKDEV02991,1,0,1,0.0,False
FKDEV02992,1,1,0,1.0,True
FKDEV02993,5,0,4,0.0,False
FKDEV02994,1,0,1,0.0,False
FKDEV02995,1,1,0,1.0,True
FKDEV02996,1,0,1,0.0,False
FKDEV02997,2,0,1,0.0,False
FKDEV02998,1,1,0,1.0,True
FKDEV02999,2,0,2,0.0,False
FKDEV03000,2,0,2,0.0,False
FKDEV03001,1,0,0,0.0,False
FKDEV03002,1,0,1,0.0,False
FKDEV03003,16,16,0,1.0,True
FKDEV03004,3,0,3,0.0,False
FKDEV03005,5,2,3,0.4,True
FKDEV03006,8,8,0,1.0,True
FKDEV03007,2,0,0,0.0,False
FKDEV03008,2,1,1,0.5,True
FKDEV03009,1,0,1,0.0,False
FKDEV03010,1,0,1,0.0,False
FKDEV03011,1,0,0,0.0,False
FKDEV03012,1,0,1,0.0,False
FKDEV03013,1,0,1,0.0,False
FKDEV03014,1,0,1,0.0,False
FKDEV03015,1,1,0,1.0,True
FKDEV03016,1,0,0,0.0,False
FKDEV03017,1,0,0,0.0,False
FKDEV03018,1,0,0,0.0,False
FKDEV03019,1,0,0,0.0,False
FKDEV03020,1,0,1,0.0,False
FKDEV03021,1,0,1,0.0,False
FKDEV03022,1,1,0,1.0,True
FKDEV03023,1,0,1,0.0,False
FKDEV03024,1,0,1,0.0,False
FKDEV03025,2,0,1,0.0,False
FKDEV03026,1,0,1,0.0,False
FKDEV03027,1,0,1,0.0,False
FKDEV03028,1,0,1,0.0,False
FKDEV03029,1,1,0,1.0,True
FKDEV03030,1,0,1,0.0,False
FKDEV03031,2,0,2,0.0,False
FKDEV03032,2,2,0,1.0,True
FKDEV03033,1,0,1,0.0,False
FKDEV03034,1,0,1,0.0,False
FKDEV03035,4,0,4,0.0,False
FKDEV03036,1,1,0,1.0,True
FKDEV03037,1,0,0,0.0,False
FKDEV03038,1,0,1,0.0,False
FKDEV03039,1,0,0,0.0,False
FKDEV03040,1,0,1,0.0,False
FKDEV03041,1,1,0,1.0,True
FKDEV03042,1,0,1,0.0,False
FKDEV03043,1,0,1,0.0,False
FKDEV03044,1,1,0,1.0,True
FKDEV03045,2,0,2,0.0,False
FKDEV03046,1,1,0,1.0,True
FKDEV03047,1,0,1,0.0,False
FKDEV03048,3,1,2,0.3333,True
FKDEV03049,3,0,3,0.0,False
FKDEV03050,1,0,1,0.0,False
FKDEV03051,3,0,3,0.0,False
FKDEV03052,2,0,2,0.0,False
FKDEV03053,1,0,1,0.0,False
FKDEV03054,1,0,1,0.0,False
FKDEV03055,1,0,0,0.0,False
FKDEV03056,1,0,1,0.0,False
FKDEV03057,1,0,0,0.0,False
FKDEV03058,1,0,1,0.0,False
FKDEV03059,1,0,1,0.0,False
FKDEV03060,1,0,1,0.0,False
FKDEV03061,14,0,14,0.0,False
FKDEV03062,1,0,1,0.0,False
FKDEV03063,1,1,0,1.0,True
FKDEV03064,1,0,1,0.0,False
FKDEV03065,1,0,1,0.0,False
FKDEV03066,1,0,1,0.0,False
FKDEV03067,1,0,1,0.0,False
FKDEV03068,1,1,0,1.0,True
FKDEV03069,1,0,0,0.0,False
