junction_name_final,lat_mean,lon_mean,violation_volume,repeat_offender_density,mean_blockage_severity,enforcement_failure_rate,peak_hour_share,betweenness,vol_norm,repeat_norm,blockage_norm,enforce_norm,centrality_norm,peak_norm,PIS,rank,action_type,vehicle_hours_lost_per_day,loss_INR_per_day
Unnamed Road,12.982003240833526,77.61600719624079,55775,0.027890022911893356,3.5197489914836395,0.623308,0.06958314657104438,0.00026764198779008334,1.0,0.05578004582378671,0.3370930166593,0.623308,0.004134923706379851,0.06958314657104438,0.4294,1,Monitor,2726.5833,408987.5
Gunjur Varthur Main Road,12.9193069625,77.73621878750001,8,0.5,4.375,0.875,0.0,6.288991705778744e-05,0.00012550650840893607,1.0,0.47983310152990266,0.875,0.0009716151455969086,0.0,0.4273,2,Monitor,0.4861,72.91
BTP143 - ASC Junction,12.9694987,77.6197457625,24,0.16666666666666666,4.6125,0.75,0.625,0.00420251966151993,0.0004123785276293614,0.3333333333333333,0.519471488178025,0.75,0.06492665189953442,0.625,0.3522,3,Monitor,1.5375,230.62
Manipal County Road,12.87579560368272,77.64784124815864,353,0.09411764705882353,4.505382436260623,0.643059,0.09631728045325778,0.06472718889036176,0.006311184422849356,0.18823529411764706,0.5015937306693669,0.643059,1.0,0.09631728045325778,0.3456,4,Monitor,22.0889,3313.34
4th Main,13.0700571,77.57612245,2,0.0,7.0,1.0,0.0,1.9657594122274813e-05,1.792950120127658e-05,0.0,0.9179415855354658,1.0,0.0003036991789581942,0.0,0.3336,5,Monitor,0.1944,29.16
Pavithra Layout,13.021269183333333,77.70137299166667,12,0.14285714285714285,7.491666666666667,0.5,0.0,0.0,0.0001972245132140424,0.2857142857142857,1.0,0.5,0.0,0.0,0.3322,6,Monitor,1.2486,187.29
Old Madras Road,13.010511189929943,77.69822979935144,3771,0.04049744897959184,3.3346062052505965,0.716521,0.4577035269159374,0.050641919058675114,0.06759421952881271,0.08099489795918367,0.3061929688874431,0.716521,0.7823902123179642,0.4577035269159374,0.3258,7,Monitor,174.65,26197.5
BTP142 - Lower Agram Road Junction,12.961824142424243,77.61549586666666,33,0.2631578947368421,5.048484848484848,0.515152,0.15151515151515152,3.345396989632325e-05,0.0005737440384408506,0.5263157894736842,0.5922366923757743,0.515152,0.0005168457099687939,0.15151515151515152,0.3163,8,Monitor,2.3139,347.08
LR Bande Road,13.02341916,77.60917686,5,0.0,6.3,1.0,0.0,4.8157615632181314e-05,7.171800480510633e-05,0.0,0.8011126564673157,1.0,0.000744009070342189,0.0,0.3103,9,Monitor,0.4375,65.62
13th Main Road,12.904531064101375,77.64000592558043,133,0.10309278350515463,6.390225563909774,0.639098,0.045112781954887216,0.0,0.002366694158568509,0.20618556701030927,0.8161711650475283,0.639098,0.0,0.045112781954887216,0.3054,10,Monitor,11.8042,1770.63
Whitefield Road,13.000188239873296,77.67814786259491,2232,0.020337301587301588,3.9051971326164874,0.649194,0.21370967741935484,0.04549523536794567,0.04000071718004806,0.040674603174603176,0.40142372171624263,0.649194,0.702876737703036,0.21370967741935484,0.2875,11,Monitor,121.0611,18159.16
17 A Main Road,12.925997112601626,77.61936530894309,246,0.10465116279069768,4.334959349593496,0.865854,0.15040650406504066,1.0511296965875127e-05,0.004392727794312762,0.20930232558139536,0.473150378235354,0.865854,0.00016239384323764937,0.15040650406504066,0.2825,12,Monitor,14.8111,2221.66
No Junction,13.053993330876343,77.6578150659908,16496,0.021346245652322172,4.043180164888458,0.621242,0.14324684772065954,0.0,0.29574712231505723,0.042692491304644344,0.4244528787018288,0.621242,0.0,0.14324684772065954,0.2749,13,Monitor,926.3375,138950.62
Vydehi Hospital Road,12.970614185714284,77.73047322857143,7,0.0,5.771428571428571,0.857143,0.0,0.0006800482442002076,0.0001075770072076595,0.0,0.7128948937015696,0.857143,0.010506376931525766,0.0,0.2722,14,Monitor,0.5611,84.16
"BTP011 - RR Kalyana Mantapa, Dr. Rajkumar Road",12.993694996696341,77.55379199356938,1208,0.12059620596205962,4.726655629139073,0.614238,0.1456953642384106,0.00024248043860708668,0.021640907949940832,0.24119241192411925,0.5385238880343377,0.614238,0.003746191403705366,0.1456953642384106,0.2684,15,Monitor,79.3028,11895.42
BTP154 - Itmadu Junction,12.929791199999999,77.54656500833333,12,0.0,5.7749999999999995,0.833333,0.0,1.1902139921971493e-05,0.0001972245132140424,0.0,0.7134909596662029,0.833333,0.0001838816133685637,0.0,0.2678,16,Monitor,0.9625,144.38
"BTP170 - Dr. Bheem Rao Palace, Chord Road",12.99037199306623,77.551225814101,573,0.08333333333333333,5.001047120418848,0.675393,0.08376963350785341,0.002739109950923332,0.010255674687130205,0.16666666666666666,0.5843194081366644,0.675393,0.04231776472732312,0.08376963350785341,0.2667,17,Monitor,39.8,5970.0
M Srinivas Road,12.9369921625,77.5323036625,16,0.0,4.0625,0.5625,0.0625,0.054198874912196326,0.0002689425180191487,0.0,0.42767732962447846,0.5625,0.8373432531420631,0.0625,0.26,18,Monitor,0.9028,135.42
Palm Avenue,12.923765874235782,77.67089277629213,178,0.0,4.371348314606742,0.511236,0.011235955056179775,0.05308413786546522,0.003173521712625955,0.0,0.479223640824491,0.511236,0.8201211697202215,0.011235955056179775,0.2565,19,Monitor,10.8069,1621.04
75th Cross Road,12.902862960000002,77.56642642,5,0.0,3.96,1.0,0.2,0.0,7.171800480510633e-05,0.0,0.4105702364394993,1.0,0.0,0.2,0.2521,20,Monitor,0.275,41.25
BTP082 - KR Market Junction,12.964423750642322,77.57724121294086,11538,0.03682631633391952,2.982275957704975,0.672127,0.29155832899982664,0.00336544236951148,0.20685265535912792,0.07365263266783904,0.24738958960305563,0.672127,0.05199426125568406,0.29155832899982664,0.2511,21,Monitor,477.9097,71686.46
Vittal Mallya Road,12.9724213,77.5986255,1,0.0,4.5,1.0,0.0,8.097756225855037e-06,0.0,0.0,0.5006954102920723,1.0,0.00012510594642958206,0.0,0.2502,22,Monitor,0.0625,9.38
SM Krishna Road,12.8963282,77.4548149,1,0.0,4.5,1.0,0.0,1.1112800902352096e-05,0.0,0.0,0.5006954102920723,1.0,0.00017168675316914396,0.0,0.2502,22,Monitor,0.0625,9.38
Kaggadasapura Main Road,12.9854184,77.66884583333332,3,0.0,6.0,0.666667,0.0,0.0,3.585900240255317e-05,0.0,0.7510431154381083,0.666667,0.0,0.0,0.2502,22,Monitor,0.25,37.5
Silkboard Double Decker Flyover,12.91641044375,77.623508865625,32,0.12,3.4125,0.65625,0.03125,0.023726048997235363,0.000555814537239574,0.24,0.31919332406119616,0.65625,0.36655460253995836,0.03125,0.2502,22,Monitor,1.5167,227.5
Swamy Vivekananda Road,12.98462749649261,77.64637109269674,69,0.0,4.114492753623188,0.724638,0.10144927536231885,0.02814120156700594,0.0012192060816868075,0.0,0.43635484066033736,0.724638,0.43476631767019813,0.10144927536231885,0.2499,26,Monitor,3.9431,591.46
BTP058 - Subbanna Junction,12.979021616597574,77.57866101486218,5189,0.06377417668583377,4.206359606860667,0.553286,0.2769319714781268,3.812393617815537e-05,0.0930182522322229,0.12754835337166753,0.45168727791833096,0.553286,0.0005889941588956019,0.2769319714781268,0.2498,27,Monitor,303.15,45472.5
Jakkur Main Road,13.072582090000001,77.60411605499999,20,0.0,3.5100000000000002,1.0,0.25,0.004178675088064685,0.00034066052282425503,0.0,0.3354659248956885,1.0,0.06455826615833324,0.25,0.2486,28,Monitor,0.975,146.25
Inner Ring Road,12.946643518965518,77.63714795862069,58,0.0,5.344827586206897,0.724138,0.0,0.00737978812070455,0.001021981568472765,0.0,0.6416958419260467,0.724138,0.11401372819086604,0.0,0.2486,28,Monitor,4.3056,645.84
Bellandur Lake Road,12.944273500000001,77.68021562499999,4,0.0,4.275,1.0,0.0,0.0027010998645158792,5.378850360382975e-05,0.0,0.4631432545201669,1.0,0.041730529485702536,0.0,0.2468,30,Monitor,0.2375,35.62
Gear School road,12.927409791944243,77.69485414277713,337,0.038461538461538464,4.955489614243324,0.727003,0.03857566765578635,0.00044376515628367523,0.006024312403628931,0.07692307692307693,0.5767159300545185,0.727003,0.006855931238344793,0.03857566765578635,0.2458,31,Monitor,23.1944,3479.16
Kalpalli Road,12.994262284689684,77.62914615872035,2,0.0,3.2,0.5,1.0,0.009076073734049464,1.792950120127658e-05,0.0,0.2837273991655077,0.5,0.14022042189137834,1.0,0.2458,31,Monitor,0.0889,13.34
New Horizon College Road,12.933738363913106,77.69080628237074,8989,0.16824906160300288,2.4909889865391035,0.667482,0.013572143731227055,0.001151475183324041,0.1611503567970739,0.33649812320600575,0.16539454573670714,0.667482,0.01778966772795384,0.013572143731227055,0.2439,33,Monitor,310.9931,46648.96
BTP051 - Safina Plaza Junction,12.981212065557246,77.60869513989651,15449,0.059325044404973354,2.94260469933329,0.619263,0.07456793319955984,0.00026108546716641497,0.27697493455732064,0.11865008880994671,0.24076851727398446,0.619263,0.004033629014982482,0.07456793319955984,0.2419,34,Monitor,631.3931,94708.96
BTP133 - Adugodi Junction,12.941853575342465,77.6086067250685,73,0.04918032786885246,3.8972602739726026,0.849315,0.0547945205479452,0.0041653861152401404,0.0012909240864919138,0.09836065573770492,0.40009907215119933,0.849315,0.0643529587279881,0.0547945205479452,0.2393,35,Monitor,3.9514,592.71
IOC Main Road,12.998287386666668,77.69313414833333,60,0.0,3.8833333333333333,0.983333,0.11666666666666667,1.195392955549313e-05,0.0010578405708753184,0.0,0.39777468706536856,0.983333,0.00018468173514751753,0.11666666666666667,0.239,36,Monitor,3.2361,485.42
"BTP094 - Sri Skanda Complex, Mysore Road",12.955815682142857,77.54617815178571,112,0.019417475728155338,4.0375,0.705357,0.08928571428571429,0.019497714355028815,0.0019901746333417006,0.038834951456310676,0.42350486787204444,0.705357,0.30122912317503925,0.08928571428571429,0.2378,37,Monitor,6.2806,942.09
"BTP083 - AS Char Street, Mysore Road",12.966450044406306,77.57440287238298,2778,0.028227480282274803,4.305579553635709,0.62419,0.2548596112311015,0.0002493587161371477,0.04979022483594507,0.05645496056454961,0.4682469352382267,0.62419,0.0038524570649827593,0.2548596112311015,0.2369,38,Monitor,166.1236,24918.54
1st A Main Road,12.98073194270436,77.53652157323805,18,0.0,6.061111111111111,0.555556,0.0,0.0002945043055413927,0.0003048015204217019,0.0,0.7612424663885025,0.555556,0.004549931961980293,0.0,0.2361,39,Monitor,1.5153,227.3
Air Force Range Pipeline Road,13.0637795,77.5342775,2,0.0,3.75,1.0,0.0,0.006970677101948556,1.792950120127658e-05,0.0,0.37552155771905427,1.0,0.10769318460215918,0.0,0.2359,40,Monitor,0.1042,15.63
BTP137 - Madiwala Traffic PS Junction,12.92332618796038,77.6198709011831,596,0.027131782945736434,4.076006711409396,0.652685,0.3674496644295302,0.0,0.010668053214759566,0.05426356589147287,0.4299315790947531,0.652685,0.0,0.3674496644295302,0.2342,41,Monitor,33.7403,5061.04
9th Cross Tatanagar,13.05203355625,77.57521859375,64,0.05454545454545454,5.26875,0.5625,0.015625,0.0,0.0011295585756804247,0.10909090909090909,0.6289986091794157,0.5625,0.0,0.015625,0.2338,42,Monitor,4.6833,702.5
3rd E Cross Road,12.987003000000001,77.54357813333333,3,0.0,4.0,1.0,0.0,6.729162011236303e-05,3.585900240255317e-05,0.0,0.4172461752433936,1.0,0.0010396190730041597,0.0,0.2336,43,Monitor,0.1667,25.0
BTP213 - Royan Circle,12.960664534079864,77.56822902305134,21,0.0,4.128571428571429,0.904762,0.09523809523809523,0.00010589243310244877,0.0003585900240255316,0.0,0.4387045499701967,0.904762,0.0016359807202783797,0.09523809523809523,0.2332,44,Monitor,1.2042,180.63
BTP104 - Medical College Circle,12.959562748076925,77.57661357181698,1508,0.03780864197530864,4.387400530503979,0.642573,0.17374005305039789,8.696062181433418e-06,0.027019758310323806,0.07561728395061729,0.4819027310994123,0.642573,0.00013434944928881825,0.17374005305039789,0.232,45,Monitor,91.8917,13783.76
BTP156 - Kamakya Junction,12.923719841795629,77.55360571975804,13,0.0,4.5,0.692308,0.0,0.017742155035633596,0.000215154014415319,0.0,0.5006954102920723,0.692308,0.2741066828297791,0.0,0.2314,46,Monitor,0.8125,121.88
"BTP089 - Police Quarters, Sultan Road",12.960983110344829,77.56353294367817,87,0.012987012987012988,5.0264367816091955,0.586207,0.16091954022988506,0.002482297908057061,0.001541937103309786,0.025974025974025976,0.5885569037456236,0.586207,0.0383501578024917,0.16091954022988506,0.2311,47,Monitor,6.0736,911.04
Chord Road,13.011596807894737,77.55152446491228,342,0.015822784810126583,3.839473684210526,0.733918,0.014619883040935672,0.021597487080782258,0.0061139599096353145,0.03164556962025317,0.3904545787277651,0.733918,0.33366947415815,0.014619883040935672,0.2309,48,Monitor,18.2375,2735.62
5th Main Road,13.014308340677967,77.55318510734463,354,0.0029411764705882353,4.055649717514124,0.711864,0.08192090395480225,0.01792716292763212,0.006329113924050634,0.0058823529411764705,0.426534027957851,0.711864,0.2769649545262667,0.08192090395480225,0.2307,49,Monitor,19.9403,2991.04
2nd B Cross Road,13.03019997887324,77.63029651830986,71,0.05084745762711865,4.677464788732395,0.661972,0.04225352112676056,0.0,0.0012550650840893608,0.1016949152542373,0.5303140120276597,0.661972,0.0,0.04225352112676056,0.2302,50,Monitor,4.6125,691.88
Varthur Road,12.956873003110413,77.71379741330311,420,0.004975124378109453,4.761190476190476,0.67381,0.0380952380952381,0.007846492227366685,0.007512461003334888,0.009950248756218905,0.5442877011722631,0.67381,0.12122405378453058,0.0380952380952381,0.2297,51,Monitor,27.7736,4166.04
BTP030 - Mekhri Circle,13.013624291954024,77.58397421839081,87,0.0,4.571264367816092,0.770115,0.09195402298850575,0.0003238119991215477,0.001541937103309786,0.0,0.5125893242530334,0.770115,0.005002719949263317,0.09195402298850575,0.2281,52,Monitor,5.5236,828.54
"BTP110 - Bharathi Nursing Home, Basavanagudi",12.93742960532226,77.57230527575187,7,0.0,3.7285714285714286,1.0,0.0,0.001116044770177796,0.0001075770072076595,0.0,0.3719451619312537,1.0,0.017242287040585218,0.0,0.2261,53,Monitor,0.3625,54.38
Kadirayyanapalya Main Road,12.983435841287152,77.63990513994561,57,0.018867924528301886,3.6526315789473682,0.807018,0.08771929824561403,0.010702041333574275,0.0010040520672714886,0.03773584905660377,0.3592709172095746,0.807018,0.165340740375763,0.08771929824561403,0.226,54,Monitor,2.8917,433.76
BTP212 - Minto Junction,12.96031432051282,77.5714075602564,78,0.029411764705882353,3.83974358974359,0.846154,0.07692307692307693,0.0,0.0013805715924982969,0.058823529411764705,0.3904996255483043,0.846154,0.0,0.07692307692307693,0.2248,55,Monitor,4.1597,623.96
Seegehalli Main Road,13.015727558333333,77.709378075,12,0.0,3.525,0.916667,0.16666666666666666,0.0018475003108025904,0.0001972245132140424,0.0,0.33796940194714875,0.916667,0.028542878850060696,0.16666666666666666,0.2247,56,Monitor,0.5875,88.12
BTP216 - Yediyur Junction,12.93804460616813,77.57688296083747,172,0.039735099337748346,4.500581395348838,0.69186,0.029069767441860465,3.146264158453991e-05,0.0030659447054182955,0.07947019867549669,0.500792444286315,0.69186,0.0004860807664277364,0.029069767441860465,0.2236,57,Monitor,10.7514,1612.71
Trinity Church Road,12.972990218263275,77.61920877477873,1574,0.04948124501197127,3.735069885641677,0.605464,0.07369758576874205,0.015249224338334122,0.02820310538960806,0.09896249002394254,0.3730297444742715,0.605464,0.23559225419420024,0.07369758576874205,0.2232,58,Monitor,81.6528,12247.92
BTP044 - Sagar Theatre Junction,12.974938996857006,77.57889570478889,10549,0.05043350836487972,3.261560337472746,0.576453,0.057825386292539575,0.0021653008731005933,0.18912037867106538,0.10086701672975944,0.294001725308386,0.576453,0.033452725357319184,0.057825386292539575,0.2218,59,Monitor,477.8639,71679.59
BTP064 - Devanga Hostel Junction,12.962732790384617,77.58990461057692,104,0.03529411764705882,4.524038461538462,0.673077,0.0,0.003326469193982012,0.001846738623731488,0.07058823529411765,0.5047073927463357,0.673077,0.051392146808917606,0.0,0.2216,60,Monitor,6.5347,980.2
Kundalahalli Main Road,12.971369075613309,77.7120482515934,826,0.006377551020408163,4.762832929782082,0.6477,0.08837772397094432,5.112220696659464e-05,0.014791838491053179,0.012755102040816327,0.544561824163908,0.6477,0.0007898104002815272,0.08837772397094432,0.2212,61,Monitor,54.6403,8196.04
BTP203 - RRMR Junction,12.96743880076923,77.59360017,130,0.0,4.018461538461538,0.738462,0.25384615384615383,1.3927526721266879e-05,0.002312905654964679,0.0,0.4203273777682678,0.738462,0.000215172742089233,0.25384615384615383,0.2208,62,Monitor,7.2556,1088.34
"BTP177 - Aurobindo Circle, ORR",12.916612181720431,77.58524550268818,186,0.017543859649122806,3.7096774193548385,0.569892,0.043010752688172046,0.03190379358975057,0.0033169577222361677,0.03508771929824561,0.3687917806989994,0.569892,0.4928963258977746,0.043010752688172046,0.2207,63,Monitor,9.5833,1437.5
Service Road,12.931167646062862,77.67017502350151,2669,0.021295089091699262,4.122929936305733,0.692019,0.08092918696140877,0.00015916827214638003,0.04783590920500592,0.042590178183398525,0.4377629935419859,0.692019,0.0024590635693446756,0.08092918696140877,0.2202,64,Monitor,152.8347,22925.2
7th Cross Road,13.002938879999999,77.60954536,5,0.0,5.4,0.6,0.0,0.0,7.171800480510633e-05,0.0,0.650904033379694,0.6,0.0,0.0,0.2202,64,Monitor,0.375,56.25
PSK Naidu Road,12.996016833333334,77.62222153333333,6,0.0,3.5833333333333335,1.0,0.0,0.0,8.964750600638292e-05,0.0,0.3477051460361613,1.0,0.0,0.0,0.2196,66,Monitor,0.2986,44.79
BTP092 - Bangalore Builders Junction,12.959323617708334,77.555697278125,96,0.01098901098901099,4.313541666666667,0.635417,0.25,0.0,0.0017033026141212754,0.02197802197802198,0.46957579972183583,0.635417,0.0,0.25,0.219,67,Monitor,5.7514,862.71
1st Main Road,12.978587453478935,77.61884652561366,2431,0.021678966789667898,3.6872069107363226,0.76306,0.11970382558617852,3.160714709406054e-06,0.043568687919102095,0.043357933579335796,0.3650414871882597,0.76306,4.883132982586089e-05,0.11970382558617852,0.219,67,Monitor,124.4944,18674.16
BTP096 - Gali Anjaneya Temple,12.952594812896978,77.54121609195656,972,0.006472491909385114,3.3655349794238685,0.578189,0.20679012345679013,0.026414331951542244,0.01740954566643956,0.012944983818770227,0.31135493397894887,0.578189,0.4080871177069685,0.20679012345679013,0.2174,69,Monitor,45.4347,6815.2
Peenya Inner Ring Road,13.021368328308208,77.53126928651591,398,0.010638297872340425,4.335427135678392,0.68593,0.11557788944723618,3.4986983282924436e-05,0.0071180119769068025,0.02127659574468085,0.47322845101725597,0.68593,0.0005405299362249022,0.11557788944723618,0.2152,70,Monitor,23.9653,3594.8
"BTP093 - Toll Gate, Mysore Road",12.958754304444446,77.55213842444445,90,0.0,3.9355555555555553,0.811111,0.1111111111111111,0.0,0.0015957256069136158,0.0,0.4064904960593416,0.811111,0.0,0.1111111111111111,0.2145,71,Monitor,4.9194,737.91
4th Main Road,12.959163175632911,77.64493061882911,632,0.0068143100511073255,5.2773734177215195,0.544304,0.0015822784810126582,0.0,0.011313515258005523,0.013628620102214651,0.6304378444041479,0.544304,0.0,0.0015822784810126582,0.2134,72,Monitor,46.3236,6948.54
"BTP164 - 29th Main Road, BTM Layout",12.916027286041107,77.61535643491827,42,0.05263157894736842,2.3785714285714286,0.97619,0.023809523809523808,0.008578803404546127,0.0007351095492523397,0.10526315789473684,0.14663222729982117,0.97619,0.1325378647152025,0.023809523809523808,0.2126,73,Monitor,1.3875,208.12
Basapura Road,12.869603965145515,77.65338517076948,87,0.046153846153846156,2.917241379310345,0.91954,0.011494252873563218,0.004747970696693774,0.001541937103309786,0.09230769230769231,0.23653541796556526,0.91954,0.07335357487463469,0.011494252873563218,0.2126,73,Monitor,3.525,528.75
Dr. CV Raman Road,13.0146329,77.57472886666666,9,0.0,4.5,0.666667,0.0,0.007663351492636667,0.00014343600961021265,0.0,0.5006954102920723,0.666667,0.11839462865623974,0.0,0.212,75,Monitor,0.5625,84.38
BTP091 - Sirsi Circle,12.962208439163499,77.55862826692015,263,0.024691358024691357,4.004562737642586,0.730038,0.07224334600760456,0.00015254444508428473,0.004697529314734464,0.04938271604938271,0.41800768917539677,0.730038,0.0023567290299393714,0.07224334600760456,0.2116,76,Monitor,14.6278,2194.17
Hosur Road,12.902133363077747,77.6333989771053,651,0.055984555984555984,4.419508448540706,0.546851,0.059907834101382486,1.6182905829052343e-05,0.011654175780829779,0.11196911196911197,0.4872614934977535,0.546851,0.00025001712736920774,0.059907834101382486,0.2108,77,Monitor,39.9597,5993.96
Jalahalli Road,13.054616566666667,77.53756946666667,3,0.0,3.0,1.0,0.0,0.006862888762558769,3.585900240255317e-05,0.0,0.2503477051460361,1.0,0.106027913156919,0.0,0.2107,78,Monitor,0.125,18.75
4th B Cross Road,12.936161939849624,77.61724923909775,133,0.007874015748031496,3.612781954887218,0.691729,0.2631578947368421,0.004049172975403806,0.002366694158568509,0.015748031496062992,0.3526200759199808,0.691729,0.06255752868029697,0.2631578947368421,0.2106,79,Monitor,6.6736,1001.04
Nelamangala - Majestic Service Road,13.02339104437033,77.5493113078949,93,0.0,4.481720430107527,0.612903,0.1827956989247312,1.8043103631125528e-05,0.0016495141105174456,0.0,0.4976445780429808,0.612903,0.0002787561755800621,0.1827956989247312,0.2102,80,Monitor,5.7889,868.34
BDA Main Road,12.963342575408616,77.65740637463675,167,0.01282051282051282,4.167065868263473,0.706587,0.08982035928143713,8.761746019715103e-05,0.0029762971994119125,0.02564102564102564,0.4451292130620539,0.706587,0.001353642290036139,0.08982035928143713,0.21,81,Monitor,9.6653,1449.8
3rd Cross,12.8782335,77.62613285,8,0.0,4.975,0.625,0.0,0.0,0.00012550650840893607,0.0,0.579972183588317,0.625,0.0,0.0,0.2098,82,Monitor,0.5528,82.92
Kariyammana Agrahara Road,12.940368430000001,77.68824717,10,0.0,4.95,0.6,0.0,0.0028760420899218812,0.00016136551081148923,0.0,0.5757997218358831,0.6,0.04443329208678395,0.0,0.2096,83,Monitor,0.6875,103.12
BTP057 - Anand Rao Junction,12.979395373087675,77.57438830726811,3935,0.03251789976133652,3.9887420584498097,0.539263,0.1443456162642948,0.0,0.07053465772582207,0.06503579952267304,0.4153672420222213,0.539263,0.0,0.1443456162642948,0.209,84,Monitor,217.9958,32699.37
BTP106 - VV Puram College,12.952855020536774,77.57449485352718,159,0.02054794520547945,3.3308176100628932,0.798742,0.16981132075471697,0.0007806456245380938,0.0028328611898017,0.0410958904109589,0.3055606581467972,0.798742,0.012060551955382946,0.16981132075471697,0.208,85,Monitor,7.3556,1103.34
BTP157 - Kadirenahalli Cross,12.913022025,77.5670021,16,0.0,3.85,0.8125,0.0,0.004861897714940743,0.0002689425180191487,0.0,0.39221140472879,0.8125,0.07511368558236131,0.0,0.2079,86,Monitor,0.8556,128.34
Bellary Road,13.032038348367564,77.58777580944438,613,0.027522935779816515,3.6355628058727567,0.722675,0.026101141924959218,0.007468911899543367,0.010972854735181267,0.05504587155963303,0.356422165096983,0.722675,0.1153906422878119,0.026101141924959218,0.2076,87,Monitor,30.9528,4642.92
"BTP168 - MSR Building, JC Road",12.961180810606061,77.58428897045455,132,0.05309734513274336,3.5098484848484848,0.636364,0.16666666666666666,0.004145042648759886,0.0023487646573672324,0.10619469026548672,0.335440637248704,0.636364,0.06403866319269592,0.16666666666666666,0.2074,88,Monitor,6.4347,965.2
Kenchenahalli Main Road,12.919291077777778,77.51406551111111,9,0.0,3.2,1.0,0.0,2.269719916002825e-05,0.00014343600961021265,0.0,0.2837273991655077,1.0,0.00035065942997268015,0.0,0.2068,89,Monitor,0.4,60.0
A Narayanapura Main Road,12.9977986,77.6753601,2,0.0,3.2,1.0,0.0,0.0,1.792950120127658e-05,0.0,0.2837273991655077,1.0,0.0,0.0,0.2067,90,Monitor,0.0889,13.34
BTP196 - Sarakki Main Road,12.910996460923245,77.57833824855072,138,0.0,3.3065217391304347,0.594203,0.5652173913043478,4.582615972911215e-05,0.0024563416645748916,0.0,0.30150571445848695,0.594203,0.0007079893397925075,0.5652173913043478,0.2066,91,Monitor,6.3375,950.62
Kalkere-Agara Main Road,13.03768025,77.66777185000001,2,0.0,3.15,1.0,0.0,0.00043791446408877817,1.792950120127658e-05,0.0,0.2753824756606398,1.0,0.006765541213763202,0.0,0.2058,92,Monitor,0.0875,13.12
3rd Road,12.980286333333334,77.72588859999999,30,0.04,4.176666666666667,0.666667,0.0,0.00010438359135321047,0.0005199555348370208,0.08,0.44673157162726007,0.666667,0.0016126699327236465,0.0,0.2056,93,Monitor,1.7403,261.04
BTP098 - Nayandahalli Junction,12.944823567475726,77.52768460776699,206,0.005025125628140704,4.474271844660194,0.587379,0.15048543689320387,9.364361609283213e-05,0.003675547746261699,0.010050251256281407,0.4964014205274315,0.587379,0.001446743133730873,0.15048543689320387,0.2055,94,Monitor,12.8014,1920.21
Abdul Kalam Road,13.055422853846153,77.62362153076923,13,0.0,3.146153846153846,0.846154,0.23076923076923078,8.115754471236915e-05,0.000215154014415319,0.0,0.27474055846795764,0.846154,0.0012538400956951486,0.23076923076923078,0.2051,95,Monitor,0.5681,85.22
BTP132 - Anepalya Junction,12.951251251265823,77.60690484050633,158,0.08571428571428572,3.8259493670886076,0.556962,0.0759493670886076,0.000475689173285497,0.0028149316886004233,0.17142857142857143,0.38819739089100547,0.556962,0.007349140005002284,0.0759493670886076,0.2045,96,Monitor,8.3958,1259.37
BTP180 - Swagath Poornima Theatre,12.96046395210728,77.58731793409962,261,0.07655502392344497,3.963218390804598,0.555556,0.06513409961685823,0.00028515672583825696,0.004661670312331911,0.15311004784688995,0.4111073809409621,0.555556,0.0044055169199649635,0.06513409961685823,0.2043,97,Monitor,14.3667,2155.0
"BTP204 - ESI Hospital, Rajajinagar",12.990358886677116,77.55373500799372,638,0.032490974729241874,3.8793103448275863,0.678683,0.03918495297805643,0.0016975675814834487,0.011421092265213182,0.06498194945848375,0.39710325643854016,0.678683,0.02622649941369887,0.03918495297805643,0.2036,98,Monitor,34.375,5156.25
Siddaiah Road,12.950852778000002,77.5982372,50,0.0,3.4819999999999998,0.9,0.02,0.0001723542673651977,0.0008785455588625525,0.0,0.3307927677329624,0.9,0.002662780051473272,0.02,0.2036,98,Monitor,2.4181,362.72
"1st A Main, 20th D Cross",13.060536147481923,77.577168825396,138,0.03305785123966942,4.07536231884058,0.673913,0.021739130434782608,0.0,0.0024563416645748916,0.06611570247933884,0.4298240309608756,0.673913,0.0,0.021739130434782608,0.2031,100,Monitor,7.8111,1171.66
"BTP024 - NPS, Vijayanagar",12.98291347845193,77.54882366500652,632,0.04397705544933078,3.5727848101265822,0.721519,0.03639240506329114,0.0006678374767240177,0.011313515258005523,0.08795411089866156,0.34594461365116813,0.721519,0.010317727189654955,0.03639240506329114,0.2025,101,Monitor,31.3611,4704.16
BTP138 - Sarjapur Road Check Post,12.927103010322917,77.61688994134308,75,0.014084507042253521,3.748,0.68,0.18666666666666668,0.0004134387466792931,0.001326783088894467,0.028169014084507043,0.3751877607788595,0.68,0.006387404640414663,0.18666666666666668,0.2023,102,Monitor,3.9042,585.63
Kanakapura Road,12.8641397816,77.5322189656,125,0.008547008547008548,4.4208,0.528,0.008,0.013194704513114372,0.0022232581489582963,0.017094017094017096,0.4874770514603616,0.528,0.20385103600689722,0.008,0.2019,103,Monitor,7.675,1151.25
8th Cross Road,12.995594431507445,77.6671805938173,2252,0.02641118591403418,3.259946714031972,0.710924,0.15541740674955595,0.0,0.04035930720407359,0.05282237182806836,0.29373241402480754,0.710924,0.0,0.15541740674955595,0.2016,104,Monitor,101.9639,15294.58
"BTP127 - Sagar Hospital, Jayanagar",12.927947021686748,77.59825148915664,83,0.0,3.9012048192771087,0.771084,0.04819277108433735,0.0,0.0014702190985046797,0.0,0.40075741072775106,0.771084,0.0,0.04819277108433735,0.201,105,Monitor,4.4972,674.58
BTP120 - Lalbagh Main Gate Junction,12.954084420901639,77.58441278032787,244,0.0,4.090983606557377,0.709016,0.05327868852459016,0.0010790946343509254,0.004356868791910209,0.0,0.4324311999817597,0.709016,0.016671427461167072,0.05327868852459016,0.2009,106,Monitor,13.8639,2079.58
Kempapura Road,13.04204981707317,77.613477,41,0.0,4.175609756097561,0.658537,0.0,0.008164674697784997,0.0007171800480510632,0.0,0.44655517487024665,0.658537,0.12613980056533494,0.0,0.2009,106,Monitor,2.3778,356.67
Chikka Banavar Railway Station Road - Mallasandra Main Road,13.050494744400002,77.52553118239999,250,0.22330097087378642,1.794,0.52,0.0,0.01437649346075093,0.004464445799117869,0.44660194174757284,0.049068150208623096,0.52,0.22210903496987291,0.0,0.2005,108,Monitor,6.2292,934.38
BTP040 - Elite Junction,12.976596713370032,77.5766021547117,10718,0.04402366863905326,2.7859582011569324,0.561019,0.07230826646762456,1.5183845342204817e-05,0.19215046437408112,0.08804733727810651,0.21462445638224187,0.561019,0.00023458218412549932,0.07230826646762456,0.2,109,Monitor,414.7208,62208.12
BTP211 - Central Street Junction,12.983371022821446,77.60345435130863,5388,0.03028322440087146,3.275835189309577,0.582034,0.13567186340014847,0.0018660512825798047,0.09658622297127695,0.06056644880174292,0.2963841762408196,0.582034,0.02882948131334142,0.13567186340014847,0.1993,110,Monitor,245.1417,36771.25
Queen's Road,12.975971960784314,77.59980963039216,102,0.04878048780487805,3.214705882352941,0.745098,0.08823529411764706,0.00030843115926582206,0.0018108796213289347,0.0975609756097561,0.2861817884316452,0.745098,0.004765094306633007,0.08823529411764706,0.1983,111,Monitor,4.5542,683.13
Taralabalu Road,13.016884738297872,77.58941430425531,47,0.024390243902439025,5.151063829787234,0.425532,0.0,0.001706485739431185,0.0008247570552587227,0.04878048780487805,0.609356967419288,0.425532,0.026364280122248448,0.0,0.1983,111,Monitor,3.3625,504.38
Bannerghatta Road,12.886262744047194,77.59698653436159,81,0.057971014492753624,3.04320987654321,0.802469,0.024691358024691357,0.0,0.0014343600961021267,0.11594202898550725,0.2575593674341936,0.802469,0.0,0.024691358024691357,0.1979,113,Monitor,3.4236,513.54
"BTP148 - 17th Main, Doopanahalli Bus Stop",12.963663511161307,77.64223399413451,745,0.029141104294478526,3.833691275167785,0.566443,0.19865771812080538,1.7184699096297545e-05,0.013339548893749777,0.05828220858895705,0.3894895035050545,0.566443,0.000265494290589475,0.19865771812080538,0.1977,114,Monitor,39.6681,5950.22
Rehman Khan Road,13.01564256407767,77.5455475223301,103,0.009900990099009901,4.4922330097087375,0.563107,0.08737864077669903,0.0,0.0018288091225302113,0.019801980198019802,0.49939911149519955,0.563107,0.0,0.08737864077669903,0.1975,115,Monitor,6.4264,963.96
BTP078 - NR Square Junction,12.965873413934425,77.5854067954918,244,0.05583756345177665,3.570901639344262,0.680328,0.020491803278688523,0.00020742762662122517,0.004356868791910209,0.1116751269035533,0.34563031532866684,0.680328,0.003204644449685228,0.020491803278688523,0.197,116,Monitor,12.1014,1815.21
"BTP123 - 10th Cross, Wilson Garden",12.94600243397952,77.59607296917757,535,0.027837259100642397,3.0409345794392526,0.807477,0.0616822429906542,0.0030946845841110615,0.009574353641481695,0.055674518201284794,0.2571796238285262,0.807477,0.047811200164323484,0.0616822429906542,0.197,116,Monitor,22.5958,3389.37
Andrahalli Main Road,13.031379533333334,77.50339226,15,0.0,3.7933333333333334,0.8,0.0,0.0001377777727709825,0.00025101301681787214,0.0,0.38275382475660635,0.8,0.0021285919430914504,0.0,0.1968,118,Monitor,0.7903,118.54
BTP036 - Police Thimmaiah Circle (GPO),12.981054290361447,77.59432185301205,83,0.0,4.139759036144579,0.554217,0.04819277108433735,0.01289896546556911,0.0014702190985046797,0.0,0.440571744558205,0.554217,0.19928202794992442,0.04819277108433735,0.1964,119,Monitor,4.7722,715.83
"BTP095 - Satellite Bus Stand, Mysore Road",12.953825250666533,77.54339804607628,775,0.0169971671388102,2.823741935483871,0.593548,0.18193548387096775,0.022188330641258636,0.013877433929788074,0.0339943342776204,0.2209305038359729,0.593548,0.3427976870560897,0.18193548387096775,0.196,120,Monitor,30.3944,4559.16
RMZ Ecoworld Internal Road,12.92985101481108,77.68524100532198,172,0.0,4.037790697674419,0.627907,0.0755813953488372,0.005535540250018339,0.0030659447054182955,0.0,0.4235533848691658,0.627907,0.0855210977784733,0.0755813953488372,0.1958,121,Monitor,9.6458,1446.87
Jayamahal Road,13.003942914925373,77.59456998333333,402,0.08626198083067092,3.93407960199005,0.435323,0.11691542288557213,0.0007390748188206671,0.007189729981711909,0.17252396166134185,0.406244161667324,0.435323,0.011418305529575061,0.11691542288557213,0.1957,122,Monitor,21.9653,3294.8
"BTP117 - 9th Cross, Kanakapura Road",12.91214845732899,77.57334888045604,307,0.06719367588932806,3.2631921824104233,0.631922,0.13680781758957655,0.0,0.005486427367590634,0.13438735177865613,0.2942740777319204,0.631922,0.0,0.13680781758957655,0.1956,123,Monitor,13.9139,2087.08
10th Cross Road,13.000442164584696,77.57043854940228,3824,0.020888496616651958,3.6001569037656904,0.645397,0.02405857740585774,3.509452864873462e-05,0.06854448309248037,0.041776993233303916,0.35051297420289684,0.645397,0.0005421914538599774,0.02405857740585774,0.1949,124,Monitor,191.2083,28681.25
BTP140 - Madiwala Check Post,12.932305598913045,77.6132812736413,368,0.029411764705882353,3.7839673913043477,0.578804,0.1331521739130435,0.0028597715955985263,0.006580126940868505,0.058823529411764705,0.3811906633609481,0.578804,0.044181921764632086,0.1331521739130435,0.1942,125,Monitor,19.3403,2901.04
1st Cross Road,13.057250483861806,77.59477290851449,4671,0.03924221921515562,2.374652108756155,0.825305,0.045386426889317065,0.0,0.08373077060996163,0.07848443843031123,0.14597809881882978,0.825305,0.0,0.045386426889317065,0.1942,125,Monitor,154.0556,23108.34
BTP077 - Halasuru Gate Junction,12.966806766666668,77.58703611,30,0.08695652173913043,4.13,0.466667,0.0,0.0003564932622376612,0.0005199555348370208,0.17391304347826086,0.43894297635605006,0.466667,0.005507627758120437,0.0,0.1933,127,Monitor,1.7208,258.12
50 Feet Road,12.939214047761194,77.53395955074626,67,0.0,3.608955223880597,0.761194,0.05970149253731343,0.0013421115103499977,0.0011833470792842545,0.0,0.35198140036950154,0.761194,0.020734895696201718,0.05970149253731343,0.1929,128,Monitor,3.3583,503.74
"BTP001 - 10th Cross, Dr. Rajkumar Road",13.007811443262298,77.55465340067576,2812,0.0194831013916501,3.646479374110953,0.610597,0.08285917496443812,6.612106332263864e-06,0.05039982787678847,0.0389662027833002,0.3582441236346514,0.610597,0.00010215346047954886,0.08285917496443812,0.1919,129,Monitor,142.4153,21362.3
BTP042 - Minsk Square Junction (CTO),12.981175736986302,77.59845689202544,2044,0.1642651296829971,1.9723091976516633,0.575342,0.0136986301369863,0.008493308516013591,0.03662997095420806,0.3285302593659942,0.07882768250097305,0.575342,0.13121701500740274,0.0136986301369863,0.1914,130,Monitor,55.9917,8398.76
BTP085 - Briyand Circle,12.966068878313253,77.56948985903615,166,0.013071895424836602,3.9343373493975906,0.644578,0.07228915662650602,1.195392955549313e-05,0.002958367698210636,0.026143790849673203,0.4062871793153141,0.644578,0.00018468173514751753,0.07228915662650602,0.1912,131,Monitor,9.0708,1360.62
"BTP200 - 15th Cross, 33rd Main, JP Nagar",12.9063283,77.58138778214285,28,0.0,3.8785714285714286,0.642857,0.14285714285714285,0.00043946289038464053,0.0004840965324344677,0.0,0.3969799324458573,0.642857,0.00678946356111688,0.14285714285714285,0.1909,132,Monitor,1.5083,226.24
2nd Cross Road,12.929887429722497,77.61856261022312,368,0.025078369905956112,4.18016304347826,0.5625,0.03804347826086957,0.0008488050732259027,0.006580126940868505,0.050156739811912224,0.44731511156799897,0.5625,0.013113578509699414,0.03804347826086957,0.1906,133,Monitor,21.3653,3204.8
BTP207 - 8th Main Road Basaveshwara Nagar,12.991897484976526,77.53847353051643,213,0.015789473684210527,3.2300469483568075,0.765258,0.07042253521126761,0.0017457252091856426,0.003801054254670635,0.031578947368421054,0.28874218887735315,0.765258,0.026970508670516213,0.07042253521126761,0.1895,134,Monitor,9.5556,1433.34
BTP187 - South End Circle,12.937437009438865,77.58186328855274,56,0.018867924528301886,3.2464285714285714,0.714286,0.16071428571428573,3.8796689228885627e-05,0.000986122566070212,0.03773584905660377,0.29147625670574207,0.714286,0.0005993878290404586,0.16071428571428573,0.1894,135,Monitor,2.525,378.75
BTP126 - Dairy Circle,12.936743940419163,77.60242927844311,334,0.019736842105263157,3.7553892215568863,0.652695,0.03293413173652695,0.0022678756673060055,0.0059705239000251015,0.039473684210526314,0.37642101055191424,0.652695,0.03503745035409231,0.03293413173652695,0.1894,135,Monitor,17.4208,2613.12
Wind Tunnel Road,12.957370344453105,77.65331513770177,115,0.01834862385321101,3.7834782608695656,0.643478,0.06086956521739131,0.0015963767413955565,0.00204396313694553,0.03669724770642202,0.38110902823970494,0.643478,0.024663155758232934,0.06086956521739131,0.1891,137,Monitor,6.0431,906.46
BTP134 - Mico Bande,12.945696853061223,77.6025479367347,49,0.0,4.09795918367347,0.571429,0.14285714285714285,0.0011815498235758929,0.0008606160576612758,0.0,0.43359541313048167,0.571429,0.018254304625792767,0.14285714285714285,0.1888,138,Monitor,2.7889,418.34
Sanjaynagar Main Road,13.023826612780455,77.58473997925189,517,0.017204301075268817,3.8411992263056094,0.642166,0.025145067698259187,0.0015636251961413656,0.009251622619858716,0.034408602150537634,0.3907425690635231,0.642166,0.024157162128420475,0.025145067698259187,0.1886,139,Monitor,27.5819,4137.28
BTP006 - Navarang Bar Junction,12.990978136170211,77.55759593617022,47,0.0,4.395744680851064,0.574468,0.02127659574468085,0.002120068027201926,0.0008247570552587227,0.0,0.4832953570266032,0.574468,0.03275390239475727,0.02127659574468085,0.1884,140,Monitor,2.8694,430.41
8th A Main Road,13.01035809976699,77.55479954349515,2575,0.03160787906550618,3.1441553398058253,0.661748,0.02174757281553398,0.00486062319994511,0.04615053609208592,0.06321575813101236,0.27440701081599306,0.661748,0.07509399501619456,0.02174757281553398,0.188,141,Monitor,112.4472,16867.08
11th Main Road,12.97015907834306,77.6433523364727,2000,0.02959953569355775,3.63065,0.556,0.121,0.00019406265577982712,0.03584107290135189,0.0591990713871155,0.3556022253129346,0.556,0.0029981628911544484,0.121,0.1877,142,Monitor,100.8514,15127.71
BTP020 - Hosahalli Metro Station,12.97414419858571,77.54529421309437,4101,0.14493996569468268,1.9578883199219703,0.555474,0.015362106803218726,0.007208367529458947,0.07351095492523399,0.28987993138936535,0.0764208600704262,0.555474,0.11136537292958684,0.015362106803218726,0.1876,143,Monitor,111.5181,16727.72
"BTP015 - Suguna Hospital, Dr. Rajkumar Road",12.98771043883495,77.55949917572815,103,0.03488372093023256,4.324271844660194,0.514563,0.0,0.0009796831733699738,0.0018288091225302113,0.06976744186046512,0.47136665001282785,0.514563,0.015135574248858722,0.0,0.1874,144,Monitor,6.1861,927.92
BTP167 - JC Road Junction,12.9582712466602,77.58126169958715,372,0.026706231454005934,3.4258064516129036,0.696237,0.043010752688172046,0.0011118852313127697,0.006651844945673612,0.05341246290801187,0.3214141504778142,0.696237,0.017178024418705067,0.043010752688172046,0.1871,145,Monitor,17.7,2655.0
Sankey Road,13.00728960576923,77.57107692337277,2704,0.03256621797655232,3.64948224852071,0.58321,0.01849112426035503,4.180742161813191e-05,0.0484634417470506,0.06513243595310464,0.3587452987795343,0.58321,0.0006459020132783376,0.01849112426035503,0.1863,146,Monitor,137.0583,20558.74
"BTP202 - East End Main Road, Jayanagar",12.917186653521128,77.59701229788732,142,0.031007751937984496,3.4359154929577462,0.697183,0.028169014084507043,0.0005927798612214833,0.002528059669379998,0.06201550387596899,0.32310133401241936,0.697183,0.009158127695388785,0.028169014084507043,0.186,147,Monitor,6.7764,1016.46
7th Main Road,12.995088217497457,77.57141183031536,983,0.08426966292134831,3.0699898270600205,0.618515,0.023397761953204477,0.00015763671633851214,0.017606770179653602,0.16853932584269662,0.26202890020473224,0.618515,0.0024354018618902994,0.023397761953204477,0.1859,148,Monitor,41.9139,6287.08
BTP043 - Upparpet Junction,12.971139927984629,77.57557195804274,1786,0.03261578604044357,3.428387458006719,0.603024,0.09630459126539753,9.364984530293622e-06,0.0320041596442787,0.06523157208088715,0.3218449164962536,0.603024,0.00014468393716520758,0.09630459126539753,0.1855,149,Monitor,85.0431,12756.46
BTP045 - Danvanthri Road Junction,12.977065128575921,77.57478964140208,3181,0.027628274129888768,3.5424709210939955,0.52625,0.12857591952216285,0.0,0.05701581382005953,0.055256548259777535,0.34088527194892826,0.52625,0.0,0.12857591952216285,0.1853,150,Monitor,156.5083,23476.24
Dickenson Road,12.97927001153846,77.61416121941393,1092,0.006737247353224254,4.42518315018315,0.520147,0.003663003663003663,0.0007832209266465257,0.019561085810592748,0.013474494706448507,0.48820859252013626,0.520147,0.012100338977692754,0.003663003663003663,0.1848,151,Monitor,67.1153,10067.3
Annaswamy Mudaliar Road,12.987376203937655,77.618655933053,224,0.020833333333333332,3.1571428571428575,0.75,0.0625,0.0008739918390312358,0.003998278767884678,0.041666666666666664,0.2765746075899067,0.75,0.013502700395526958,0.0625,0.1847,152,Monitor,9.8222,1473.33
Doddakammanahalli Road,12.875973696232363,77.59583045687071,575,0.034324942791762014,2.341391304347826,0.794783,0.13217391304347825,0.004868947199559674,0.010291533689532758,0.06864988558352403,0.1404269214488722,0.794783,0.07522259630040394,0.13217391304347825,0.1843,153,Monitor,18.6986,2804.79
Lazar Road,12.9999193172043,77.62019087473118,186,0.0,3.318279569892473,0.634409,0.22580645161290322,0.00326652581593204,0.0033169577222361677,0.0,0.3034680784243349,0.634409,0.05046605409459461,0.22580645161290322,0.1843,153,Monitor,8.5722,1285.83
Kalidasa Road,12.97881817688172,77.58163069247313,186,0.0056179775280898875,3.7516129032258063,0.677419,0.043010752688172046,5.54832641829585e-05,0.0033169577222361677,0.011235955056179775,0.3757907487998564,0.677419,0.0008571863715097979,0.043010752688172046,0.1842,155,Monitor,9.6917,1453.76
BTP107 - National College Junction,12.948955050684932,77.57294951506849,73,0.03225806451612903,2.356164383561644,0.917808,0.0,0.0027689814450608135,0.0012909240864919138,0.06451612903225806,0.14289252576828548,0.917808,0.04277926312775697,0.0,0.1838,156,Monitor,2.3889,358.34
Konena Agrahara Main Road,12.958926400318491,77.66068398429893,48,0.023809523809523808,3.1687499999999997,0.666667,0.16666666666666666,0.0009686634155848017,0.0008426865564599993,0.047619047619047616,0.27851182197496516,0.666667,0.014965324961440448,0.16666666666666666,0.1836,157,Monitor,2.1125,316.88
Yelahanka Road,13.057621772321427,77.54656510178572,112,0.020833333333333332,3.8017857142857143,0.607143,0.008928571428571428,0.0037682464210977195,0.0019901746333417006,0.041666666666666664,0.38416451420623876,0.607143,0.05821736561865168,0.008928571428571428,0.1834,158,Monitor,5.9139,887.08
BTP173 - TMC,12.98232968486842,77.59871615789473,152,0.02127659574468085,3.931578947368421,0.513158,0.013157894736842105,0.009385264359301398,0.0027073546813927638,0.0425531914893617,0.4058268062367323,0.513158,0.1449972495360279,0.013157894736842105,0.1831,159,Monitor,8.3,1245.0
BTP023 - Mahalaxmi Layout Entrance,13.008974449496067,77.54920543394422,1807,0.047376093294460644,3.153514111787493,0.654676,0.020475926950747094,0.00042143796356749097,0.03238067916950551,0.09475218658892129,0.2759689755417234,0.654676,0.006510988207464784,0.020475926950747094,0.1831,159,Monitor,79.1444,11871.66
BTP027 - Modi Bridge Junction,12.998897494610551,77.54941567682627,4584,0.07531380753138076,2.4223603839441537,0.654014,0.0325043630017452,1.4799633629463465e-05,0.08217090400545057,0.1506276150627615,0.15394053695869048,0.654014,0.00022864632132459583,0.0325043630017452,0.1828,161,Monitor,154.2236,23133.54
1st Avenue,12.915961483769388,77.63176990764,71,0.015151515151515152,3.8943661971830985,0.605634,0.056338028169014086,2.915474320973171e-06,0.0012550650840893608,0.030303030303030304,0.39961605516268683,0.605634,4.504249869265219e-05,0.056338028169014086,0.1828,161,Monitor,3.8403,576.04
BTP048 - Shanthala Junction,12.976960576691845,77.57075523407478,1593,0.010825439783491205,3.2838669177652227,0.645323,0.14689265536723164,3.116531743802243e-05,0.028543765912432316,0.02165087956698241,0.2977246594323042,0.645323,0.0004814872694504291,0.14689265536723164,0.1825,163,Monitor,72.6556,10898.34
"BTP210 - 50th cross, 12th Main , Rajajinagar",12.986979151428573,77.55512463802198,455,0.024390243902439025,3.812747252747253,0.593407,0.041758241758241756,1.4421817978988435e-05,0.008139993545379568,0.04878048780487805,0.38599397820538295,0.593407,0.00022280927422040298,0.041758241758241756,0.1822,164,Monitor,24.0944,3614.16
BTP041 - Gopal Gowda Circle,12.977295857671956,77.59026518835978,378,0.01791044776119403,2.6246031746031746,0.679894,0.13756613756613756,0.012801624772020478,0.006759421952881271,0.03582089552238806,0.1876945493079012,0.679894,0.1977781669725303,0.13756613756613756,0.1819,165,Monitor,13.7792,2066.88
13th Cross Road,12.949236343076924,77.5613618523077,65,0.0,3.2169230769230768,0.784615,0.046153846153846156,0.0011102243366067658,0.0011474880768817012,0.0,0.28655183481330904,0.784615,0.017152364495348637,0.046153846153846156,0.1816,166,Monitor,2.9042,435.63
BTP208 - Havanur Circle,12.987954160845806,77.53755577344506,812,0.025423728813559324,3.1802955665024633,0.699507,0.05172413793103448,0.0008667868857738205,0.014540825474235308,0.05084745762711865,0.28043875936063367,0.699507,0.013391387771250636,0.05172413793103448,0.1813,167,Monitor,35.8667,5380.0
Saint John's Church Road,12.993868667031462,77.60921523009576,731,0.055,3.6437756497948017,0.512996,0.019151846785225718,0.002949662639856855,0.013088535876931904,0.11,0.3577928761827207,0.512996,0.0455706896966149,0.019151846785225718,0.1803,168,Monitor,36.9944,5549.16
BTP146 - Domlur Water Tank,12.960488461643836,77.63886880273972,146,0.007246376811594203,4.3054794520547945,0.547945,0.00684931506849315,0.00015529606454214002,0.002599777674185104,0.014492753623188406,0.4682302284375178,0.547945,0.0023992400597713038,0.00684931506849315,0.1803,168,Monitor,8.7306,1309.59
BTP037 - KR Circle,12.976534570711298,77.58653865523013,239,0.004405286343612335,4.023430962343096,0.577406,0.02510460251046025,0.0023284910366866106,0.0042672212859038265,0.00881057268722467,0.4211567670113652,0.577406,0.03597392497039734,0.02510460251046025,0.1798,170,Monitor,13.3556,2003.34
Yamuna Bai Road,12.986856297216274,77.57452949229122,467,0.014084507042253521,4.29593147751606,0.477516,0.047109207708779445,0.001417784241272386,0.008355147559794888,0.028169014084507043,0.4666366860944745,0.477516,0.02190399839044303,0.047109207708779445,0.1796,171,Monitor,27.8639,4179.58
"BTP226 - 33rd Cross, 11th Main, Jayanagar",12.925926613617886,77.58563274735774,492,0.015625,3.663008130081301,0.632114,0.03861788617886179,4.59711899940337e-05,0.008803385089826801,0.03125,0.361002747718715,0.632114,0.0007102299788100185,0.03861788617886179,0.1794,172,Monitor,25.0306,3754.59
"BTP159 - JP Nagar Metro, ORR",12.906413123500311,77.57288417491768,101,0.0,3.6425742574257423,0.544554,0.039603960396039604,0.01388411599195772,0.0017929501201276582,0.0,0.35759236563433805,0.544554,0.2145020698407797,0.039603960396039604,0.1791,173,Monitor,5.1097,766.46
BTP130 - GD Mara Junction,12.908069876703646,77.60081684453249,631,0.055226824457593686,2.1372424722662444,0.866878,0.004754358161648178,0.001317375433101166,0.011295585756804246,0.11045364891518737,0.10635479370229395,0.866878,0.020352736704394876,0.004754358161648178,0.1787,174,Monitor,18.7306,2809.59
BTP109 - Dewan Madhava Rao Junction,12.940864320388348,77.57243474530745,309,0.06172839506172839,2.897087378640777,0.68932,0.025889967637540454,2.9101767020581925e-06,0.0055222863699931875,0.12345679012345678,0.2331717460874732,0.68932,4.4960653350597375e-05,0.025889967637540454,0.1787,174,Monitor,12.4333,1865.0
GKVK Road,13.070221136519038,77.58704382222223,1287,0.03219871205151794,2.435664335664336,0.810412,0.028749028749028748,0.0027514343085114083,0.023057338544841682,0.06439742410303588,0.15616094614703802,0.810412,0.04250816937488092,0.028749028749028748,0.1786,176,Monitor,43.5375,6530.62
Gunjurpalya Road,12.936148966666668,77.70568456000001,15,0.0,3.64,0.533333,0.06666666666666667,0.012868033547439425,0.00025101301681787214,0.0,0.357162726008345,0.533333,0.19880414657333506,0.06666666666666667,0.178,177,Monitor,0.7583,113.74
"BTP221 - 15th Cross, 24th Main, JP Nagar",12.905022600862068,77.58618874568965,116,0.0,3.838793103448276,0.508621,0.06896551724137931,0.010329601556603354,0.0020618926381468067,0.0,0.3903409908397679,0.508621,0.1595867476046297,0.06896551724137931,0.1777,178,Monitor,6.1847,927.7
Nallurahalli Road,12.9790236,77.73367917499999,4,0.0,3.45,0.25,0.75,3.4904682254397085e-05,5.378850360382975e-05,0.0,0.325452016689847,0.25,0.0005392584299237903,0.75,0.1777,178,Monitor,0.1917,28.76
10th A Main Road,12.921758933333335,77.58571085833333,24,0.0,3.8833333333333333,0.541667,0.125,0.0027019933872555963,0.0004123785276293614,0.0,0.39777468706536856,0.541667,0.04174433392793207,0.125,0.1776,180,Monitor,1.2944,194.16
4th A Cross,12.969391882345741,77.74991991271986,76,0.0,4.209210526315789,0.578947,0.0,0.0,0.0013447125900957436,0.0,0.4521630920137617,0.578947,0.0,0.0,0.1776,180,Monitor,4.4431,666.46
BTP158 - Devegowda Petrol Bunk,12.921245118184277,77.56029589125625,45,0.0,3.2222222222222223,0.711111,0.1111111111111111,0.0007043334297208456,0.0007888980528561695,0.0,0.28743625405656004,0.711111,0.010881569890419338,0.1111111111111111,0.1766,182,Monitor,2.0139,302.08
5th Cross Road,12.958012186865075,77.62712146982459,190,0.0055248618784530384,3.196315789473684,0.694737,0.05789473684210526,0.004424527145359148,0.003388675727041274,0.011049723756906077,0.2831125100651489,0.694737,0.06835654724405905,0.05789473684210526,0.1765,183,Monitor,8.4347,1265.2
BTP061 - Bhashyam Circle,12.985184338307276,77.55392274871211,1030,0.06117353308364544,2.924757281553398,0.659223,0.005825242718446602,1.1628652560785835e-08,0.0184494567361136,0.12234706616729088,0.23778981055133208,0.659223,1.7965638181017014e-07,0.005825242718446602,0.1761,184,Monitor,41.8403,6276.04
"BTP080 - NR Road, SP Road Junction",12.96439657572473,77.58316820553203,3681,0.014934289127837515,3.0816082586253732,0.652812,0.024993208367291495,9.867968848059567e-07,0.06598056442069782,0.02986857825567503,0.2639679986579204,0.652812,1.5245477236427553e-05,0.024993208367291495,0.1757,185,Monitor,157.5472,23632.08
BTP018 - Dhobi Ghat Junction,12.98761222696335,77.54981949005236,382,0.023391812865497075,3.8353403141361255,0.552356,0.031413612565445025,0.00022669426040271344,0.006831139957686377,0.04678362573099415,0.3897647255860015,0.552356,0.00350230350319554,0.031413612565445025,0.1754,186,Monitor,20.3486,3052.29
Anepalaya Main Road,12.952681624999999,77.6112873,12,0.0,2.75,0.666667,0.3333333333333333,0.00015220048872435706,0.0001972245132140424,0.0,0.2086230876216968,0.666667,0.0023514150905296085,0.3333333333333333,0.1753,187,Monitor,0.4583,68.74
BTP171 - Indian Express (Balekundri),12.986301935964912,77.59864174824561,114,0.0,3.4298245614035086,0.640351,0.14035087719298245,0.0,0.0020260336357442537,0.0,0.32208476685454945,0.640351,0.0,0.14035087719298245,0.175,188,Monitor,5.4306,814.59
BTP141 - Palmgroove Junction,12.968292564,77.613494202,50,0.022222222222222223,3.926,0.52,0.04,0.001741794010928873,0.0008785455588625525,0.044444444444444446,0.4048956884561892,0.52,0.026909773787321633,0.04,0.1748,189,Monitor,2.7264,408.96
BEL Road,13.053088788590603,77.55067562583892,298,0.0036231884057971015,2.9406040268456373,0.644295,0.006711409395973154,0.017069661868621955,0.005325061856779145,0.007246376811594203,0.2404346080966293,0.644295,0.2637170277475734,0.006711409395973154,0.1746,190,Monitor,12.1708,1825.62
BTP122 - Siddapura Junction,12.948400291780821,77.59279610068494,146,0.0603448275862069,3.5547945205479454,0.520548,0.0136986301369863,0.0011424648092208478,0.002599777674185104,0.1206896551724138,0.3429420618438852,0.520548,0.01765046232976398,0.0136986301369863,0.1746,190,Monitor,7.2083,1081.25
BTP028 - Vijayanagar Bus Stand Junction,12.972568562228885,77.53806133053999,754,0.02170767004341534,3.144827586206896,0.62069,0.025198938992042442,0.007361398298152063,0.013500914404561266,0.04341534008683068,0.2745192077118602,0.62069,0.11372961539579879,0.025198938992042442,0.174,192,Monitor,32.9333,4940.0
Pipeline Road,13.035707222593484,77.54466513732928,110,0.009433962264150943,3.880909090909091,0.536364,0.09090909090909091,0.0,0.0019543156309391476,0.018867924528301886,0.39737008471361734,0.536364,0.0,0.09090909090909091,0.1733,193,Monitor,5.9292,889.38
BTP144 - Commando Hospital Junction,12.969203566666666,77.62634385,6,0.0,4.416666666666667,0.5,0.0,3.236327194990506e-05,8.964750600638292e-05,0.0,0.48678720445062584,0.5,0.0004999950176227124,0.0,0.1724,194,Monitor,0.3681,55.22
"BTP206 - Shankara Mutt Circle, Vijayanagar",12.998620176634214,77.54142142920723,719,0.05821917808219178,3.121835883171071,0.567455,0.02920723226703755,0.002245410946071454,0.012873381862516586,0.11643835616438356,0.27068192765024823,0.567455,0.0346903825821147,0.02920723226703755,0.1722,195,Monitor,31.175,4676.25
Cantonment Station Road,12.990157992952128,77.59932929082447,752,0.022556390977443608,3.4574468085106385,0.56383,0.030585106382978722,0.0043933985354787045,0.013465055402158713,0.045112781954887216,0.3266948776373806,0.56383,0.06787562708648553,0.030585106382978722,0.1721,196,Monitor,36.1111,5416.66
Bethel Lane 1st Cross,12.958131725,77.60606369999999,4,0.0,4.275,0.5,0.0,0.0028950040854931647,5.378850360382975e-05,0.0,0.4631432545201669,0.5,0.04472624464499565,0.0,0.1721,196,Monitor,0.2375,35.62
CV Raman Road,13.018405322398182,77.5586104193679,193,0.023952095808383235,4.3481865284974095,0.414508,0.025906735751295335,0.0009352265525336339,0.003442464230645104,0.04790419161676647,0.4753579741581212,0.414508,0.014448743542961037,0.025906735751295335,0.1717,198,Monitor,11.6556,1748.34
"BTP114 - KR Road Junction, Near JSS",12.924224496361514,77.57491752140425,64,0.0,3.1453125,0.734375,0.046875,0.001000519486601173,0.0011295585756804247,0.0,0.2746001390820585,0.734375,0.015457483999434989,0.046875,0.1716,199,Monitor,2.7958,419.37
Link Road,12.992993697129629,77.57227466111111,2160,0.0171606864274571,3.263148148148148,0.625463,0.014351851851851852,0.0003039978282675084,0.03870979309355614,0.0343213728549142,0.29426672848091484,0.625463,0.004696601744630615,0.014351851851851852,0.1711,200,Monitor,97.8944,14684.16
4th Cross Road,13.046446236842105,77.53160621052632,19,0.0,5.042105263157895,0.315789,0.05263157894736842,3.082918432361678e-05,0.00032273102162297846,0.0,0.5911719493448503,0.315789,0.0004762941949454477,0.05263157894736842,0.171,201,Monitor,1.3306,199.59
BTP205 - Modi Hospital Junction,12.997488303320912,77.54695407575124,1045,0.030534351145038167,3.118468899521531,0.631579,0.04880382775119617,0.00017059365027946222,0.01871839925413275,0.061068702290076333,0.2701199832302973,0.631579,0.002635579471378288,0.04880382775119617,0.1708,202,Monitor,45.2611,6789.16
"BTP176 - Rajalakshmi Kalyana Mantapa, JP Nagar",12.917309109693877,77.57831904234695,196,0.02824858757062147,3.485204081632653,0.566327,0.01020408163265306,0.003960088470579219,0.0034962527342489334,0.05649717514124294,0.33132752405551924,0.566327,0.06118122134559282,0.01020408163265306,0.1705,203,Monitor,9.4875,1423.12
10th Main Road,12.912494662058995,77.6357558088249,2057,0.02602436323366556,2.3892561983471072,0.60525,0.27321341759844436,0.0017078309324542423,0.03686305446982465,0.05204872646733112,0.14841549902872442,0.60525,0.026385062625646452,0.27321341759844436,0.1701,204,Monitor,68.2597,10238.96
BTP079 - Town Hall Junction,12.964742432716049,77.58478980123456,162,0.0,3.640123456790124,0.648148,0.006172839506172839,0.0,0.00288664969340553,0.0,0.3571833307577398,0.648148,0.0,0.006172839506172839,0.17,205,Monitor,8.1903,1228.54
"BTP099 - Cash Pharmacy, Residency Road",12.969120946131804,77.60030236275072,349,0.02287581699346405,3.8535816618911176,0.426934,0.017191977077363897,0.009581376401790975,0.00623946641804425,0.0457516339869281,0.3928091786188235,0.426934,0.1480270743415167,0.017191977077363897,0.1698,206,Monitor,18.6792,2801.88
BTP118 - Basappa Circle,12.958166349617152,77.57756666983154,653,0.048561151079136694,3.2967840735068914,0.555896,0.039816232771822356,2.814251776676112e-05,0.011690034783232332,0.09712230215827339,0.29988051296359797,0.555896,0.0004347866522433156,0.039816232771822356,0.1697,207,Monitor,29.9,4485.0
"BTP182 - 19th Main Junction, Rajajinagar",12.99900715064247,77.5508516759733,1390,0.03404255319148936,3.2783453237410067,0.58705,0.020863309352517987,5.904912606682351e-06,0.02490407716857317,0.06808510638297872,0.29680311383716385,0.58705,9.122770056775362e-05,0.020863309352517987,0.1694,208,Monitor,63.2903,9493.54
BTP054 - Shivananda Circle,12.986267004491276,77.57886273319414,751,0.007032348804500703,4.073368841544607,0.49534,0.023968042609853527,1.4969094256623567e-06,0.013447125900957436,0.014064697609001406,0.4294913226500039,0.49534,2.312643962026373e-05,0.023968042609853527,0.1688,209,Monitor,42.4875,6373.12
BTP135 - UCO Bank Junction,12.935621750629496,77.61497794019785,1112,0.010638297872340425,2.878327338129496,0.589928,0.2383093525179856,0.00024714839725395286,0.01991967583461828,0.02127659574468085,0.23004072402717596,0.589928,0.003818308835759661,0.2383093525179856,0.1679,210,Monitor,44.4542,6668.13
HAL Old Airport Road,12.954835249999999,77.68019488,10,0.0,2.6100000000000003,0.5,0.4,0.009806918229112577,0.00016136551081148923,0.0,0.18525730180806682,0.5,0.15151157337798246,0.4,0.1672,211,Monitor,0.3625,54.38
"BTP188 - 27th Cross, 4th Main, Jayanagar",12.929681475170067,77.5805690537415,294,0.05907172995780591,2.1598639455782314,0.795918,0.006802721088435374,2.2612744084466903e-05,0.005253343851974039,0.11814345991561181,0.11013028298941274,0.795918,0.000349354644811928,0.006802721088435374,0.1671,212,Monitor,8.8194,1322.91
3rd Main Road,12.94219397915306,77.56014745247407,116,0.009259259259259259,3.096551724137931,0.724138,0.008620689655172414,4.289458944088433e-06,0.0020618926381468067,0.018518518518518517,0.2664620401899189,0.724138,6.626981671263585e-05,0.008620689655172414,0.167,213,Monitor,4.9889,748.34
14th Main Road,12.898210316322283,77.675508882966,386,0.02586206896551724,2.773316062176166,0.658031,0.13730569948186527,0.0,0.006902857962491484,0.05172413793103448,0.21251450272759376,0.658031,0.0,0.13730569948186527,0.167,213,Monitor,14.8681,2230.22
"BTP197 - 9th Cross, 24th Main, JP Nagar",12.911549545221384,77.58599000264428,284,0.007407407407407408,3.322535211267606,0.602113,0.11267605633802817,5.112046489417632e-06,0.005074048839961273,0.014814814814814815,0.30417833845912756,0.602113,7.897834862064964e-05,0.11267605633802817,0.1667,215,Monitor,13.1056,1965.84
"BTP186 - 9th Cross, 4th Main, Jayanagar",12.939329417176364,77.58299607614546,546,0.003929273084479371,2.4437728937728935,0.778388,0.14285714285714285,5.324057938619701e-06,0.009771578154695737,0.007858546168958742,0.15751425209005177,0.778388,8.225381064575297e-05,0.14285714285714285,0.1666,216,Monitor,18.5319,2779.78
New BEL Road,13.028718781380418,77.57213753723917,623,0.017793594306049824,3.1858747993579453,0.64687,0.03210272873194221,3.91009434448289e-05,0.011152149747194034,0.03558718861209965,0.2813699247885305,0.64687,0.0006040883918357723,0.03210272873194221,0.1665,217,Monitor,27.5667,4135.0
Noah Street,12.986842794756095,77.60435256760694,632,0.010238907849829351,3.1408227848101267,0.651899,0.06962025316455696,1.5237970352828828e-05,0.011313515258005523,0.020477815699658702,0.27385081248569565,0.651899,0.00023541838621540765,0.06962025316455696,0.1665,217,Monitor,27.5694,4135.41
"BTP161 - 15th Cross, 35th Main, JP Nagar",12.906264035557681,77.57765224581213,23,0.0,3.4086956521739133,0.521739,0.08695652173913043,0.010081966693091951,0.00039444902642808477,0.0,0.31855838422930405,0.521739,0.1557609231287536,0.08695652173913043,0.1663,219,Monitor,1.0889,163.34
BTP032 - Windsor Circle,12.99308791268715,77.58818366254266,2749,0.1452991452991453,2.2897781011276828,0.444889,0.022189887231720627,0.0001281303855201749,0.04927026930110805,0.2905982905982906,0.1318127567946063,0.444889,0.001979545036896454,0.022189887231720627,0.166,220,Monitor,87.425,13113.75
Railway Line Road,12.993117591332034,77.66094473874685,419,0.0025252525252525255,2.9544152744630074,0.575179,0.28162291169451076,0.0,0.007494531502133611,0.005050505050505051,0.2427396841941042,0.575179,0.0,0.28162291169451076,0.1659,221,Monitor,17.1931,2578.96
Ferns City Road,12.97731604092877,77.69672925592458,97,0.0,4.596907216494845,0.412371,0.0,0.0,0.001721232115322552,0.0,0.5168690764664553,0.412371,0.0,0.0,0.1657,222,Monitor,6.1931,928.96
BTP063 - Siddalingaiah Circle,12.971526511981132,77.5967034683019,1060,0.012526096033402923,3.6300000000000003,0.550943,0.018867924528301886,0.00011138861201832842,0.0189873417721519,0.025052192066805846,0.35549374130737144,0.550943,0.0017208937067698733,0.018867924528301886,0.1656,223,Monitor,53.4417,8016.25
BTP075 - Police Corner,12.968845718276503,77.58628269328581,188,0.005747126436781609,4.31436170212766,0.452128,0.005319148936170213,1.1657694010362871e-05,0.0033528167246387208,0.011494252873563218,0.4697126623857012,0.452128,0.00018010505647185254,0.005319148936170213,0.1654,224,Monitor,11.2653,1689.8
Magadi Road,12.986410659267053,77.47942606670213,94,0.0,3.643617021276596,0.585106,0.05319148936170213,6.403120019888175e-05,0.0016674436117187221,0.0,0.35776640132571835,0.585106,0.00098924735179433,0.05319148936170213,0.1652,225,Monitor,4.7569,713.54
3rd Cross Road,12.975782398203593,77.59527718550899,835,0.040172166427546625,3.1779640718562874,0.579641,0.022754491017964073,1.9010145662048594e-05,0.01495320400186467,0.08034433285509325,0.28004963647114667,0.579641,0.00029369645102692406,0.022754491017964073,0.1651,226,Monitor,36.8556,5528.34
Sadarmangala Road,12.988234381481481,77.7339091462963,54,0.0,1.85,1.0,0.0,0.0014911630082868655,0.0009502635636676588,0.0,0.05841446453407512,1.0,0.02303766058514721,0.0,0.1642,227,Monitor,1.3875,208.12
"BTP145 - Sri Hatti Maramma Circle, Domluru",12.961282601803124,77.63615441362482,175,0.04,3.4828571428571427,0.502857,0.05142857142857143,0.00027864265717499276,0.003119733209022125,0.08,0.3309358235644744,0.502857,0.004304878088355915,0.05142857142857143,0.164,228,Monitor,8.4653,1269.79
Cambridge Road,12.971906084905662,77.62775883924529,265,0.025974025974025976,3.692075471698113,0.524528,0.0037735849056603774,8.940542955557077e-06,0.004733388317137018,0.05194805194805195,0.36585404256435816,0.524528,0.00013812654479249868,0.0037735849056603774,0.1638,229,Monitor,13.5889,2038.34
BTP172 - Nanjappa Circle,12.961702129381443,77.59948909484535,776,0.15208333333333332,2.173582474226804,0.510309,0.0,2.679804466254648e-05,0.013895363430989351,0.30416666666666664,0.11241988443284634,0.510309,0.00041401527120138627,0.0,0.1634,230,Monitor,23.4264,3513.96
Channapa Garden Link Road,12.998907262068965,77.60363364655173,58,0.019230769230769232,4.48103448275862,0.293103,0.10344827586206896,0.0006518840659523926,0.001021981568472765,0.038461538461538464,0.49753009447988095,0.293103,0.010071255636585535,0.10344827586206896,0.1628,231,Monitor,3.6097,541.46
3rd Main,12.947709621739131,77.48809036086956,23,0.0,4.613043478260869,0.391304,0.0,4.2811869261172785e-06,0.00039444902642808477,0.0,0.5195621938682953,0.391304,6.614201851665416e-05,0.0,0.1627,232,Monitor,1.4736,221.04
BTP068 - Veeresh Theatre Junction,12.977227481944444,77.54562137718254,504,0.07365439093484419,2.483333333333333,0.593254,0.047619047619047616,0.002630966180147553,0.009018539104242121,0.14730878186968838,0.1641168289290681,0.593254,0.0406470020597375,0.047619047619047616,0.1624,233,Monitor,17.3833,2607.5
BTP185 - RV Teachers College,12.94458577368421,77.58073809122807,57,0.020833333333333332,4.192982456140351,0.350877,0.03508771929824561,0.005052604593177953,0.0010040520672714886,0.041666666666666664,0.4494546519288486,0.350877,0.07806000352859932,0.03508771929824561,0.1624,233,Monitor,3.3194,497.91
BTP103 - Shanti Nagar TTMC,12.9538741625,77.59162276111111,144,0.014492753623188406,3.574305555555556,0.576389,0.0,9.19890460910663e-06,0.002563918671782551,0.028985507246376812,0.3461984237366714,0.576389,0.00014211809236282775,0.0,0.1622,235,Monitor,7.1486,1072.29
BTP193 - Vasavi Circle,12.949798086218998,77.5767949444681,113,0.00980392156862745,3.5053097345132747,0.575221,0.04424778761061947,9.438956875701445e-06,0.002008104134542977,0.0196078431372549,0.3346831267616035,0.575221,0.00014582676982449579,0.04424778761061947,0.1621,236,Monitor,5.5014,825.21
BTP128 - Gorappanapalya Junction,12.920460569090908,77.60040643272727,55,0.019230769230769232,2.861818181818182,0.654545,0.05454545454545454,0.0031950154357556207,0.0009681930648689354,0.038461538461538464,0.2272853710962195,0.654545,0.04936125746427057,0.05454545454545454,0.162,237,Monitor,2.1861,327.92
Dr. Vishnuvardhan Road,12.904153025,77.51204185,4,0.0,6.3,0.0,0.0,0.000870525951488525,5.378850360382975e-05,0.0,0.8011126564673157,0.0,0.013449154310765243,0.0,0.1616,238,Monitor,0.35,52.5
BTP136 - Hosur-Tavarkere Road Junction,12.93432707138889,77.60844668972223,360,0.015151515151515152,3.6891666666666665,0.5,0.05277777777777778,3.627628755765763e-05,0.006436690931258293,0.030303030303030304,0.3653685674547983,0.5,0.0005604489887411034,0.05277777777777778,0.1611,239,Monitor,18.4458,2766.87
BTP166 - Coffee Board Junction,12.984920821487604,77.5943366785124,121,0.009009009009009009,3.7528925619834714,0.520661,0.008264462809917356,0.0014886418182742255,0.0021515401441531898,0.018018018018018018,0.37600432188875743,0.520661,0.022998709565400153,0.008264462809917356,0.1606,240,Monitor,6.3069,946.04
Residency Road,12.97119532908092,77.60583431652115,889,0.04195804195804196,2.803824521934758,0.464567,0.17885264341957255,0.005211163809779182,0.0159213970667336,0.08391608391608392,0.21760631798632962,0.464567,0.08050965751974984,0.17885264341957255,0.1599,241,Monitor,34.6194,5192.91
Mallikarjuna Swamy Temple Road,12.941614267142779,77.56707129908865,450,0.009478672985781991,3.5573333333333332,0.562222,0.006666666666666667,0.0,0.008050346039373185,0.018957345971563982,0.34336578581363,0.562222,0.0,0.006666666666666667,0.1595,242,Monitor,22.2333,3335.0
"BTP026 - 1st Block Junction, Rajajinagar",13.002439084069982,77.55009351215469,1086,0.030851063829787233,3.7791896869244934,0.42081,0.0285451197053407,4.0811610195592604e-06,0.01945350880338509,0.06170212765957447,0.380393271809373,0.42081,6.305172663178902e-05,0.0285451197053407,0.1593,243,Monitor,57.0028,8550.42
BTP038 - Mysore Bank Junction,12.973430411726868,77.58124380880751,2021,0.017042330951072018,3.538545274616527,0.478971,0.026719445818901535,0.0005616276874658643,0.036217592426578696,0.034084661902144035,0.3402300875576957,0.478971,0.00867684348871041,0.026719445818901535,0.1593,243,Monitor,99.325,14898.75
Thanisandra Main Road,13.071372804237289,77.63367123559323,118,0.018018018018018018,3.4440677966101694,0.491525,0.1016949152542373,0.0011784839556022932,0.00209775164054936,0.036036036036036036,0.3244619410197779,0.491525,0.018206938626648374,0.1016949152542373,0.1583,245,Monitor,5.6444,846.66
BTP121 - KH Circle,12.951853676635514,77.5903747271028,107,0.0,3.5158878504672897,0.504673,0.06542056074766354,0.005323696215248983,0.0019005271273353176,0.0,0.33644859813084116,0.504673,0.08224822221565242,0.06542056074766354,0.1582,246,Monitor,5.225,783.75
Hennur Main Road,13.01355552153846,77.62679732153846,65,0.03636363636363636,3.046153846153846,0.507692,0.07692307692307693,0.004684865885307891,0.0011474880768817012,0.07272727272727272,0.2580507114582219,0.507692,0.07237863972809568,0.07692307692307693,0.1575,247,Monitor,2.75,412.5
"BTP191 - 40th Cross, 4th Main, Jayanagar",12.920106225714285,77.58220127047619,105,0.021052631578947368,3.1504761904761907,0.609524,0.01904761904761905,1.064014785428494e-05,0.0018646681249327645,0.042105263157894736,0.275461951122591,0.609524,0.00016438451965383155,0.01904761904761905,0.1573,248,Monitor,4.5944,689.16
BTP010 - Rajajinagar Entrance,12.982261563097772,77.56008112329171,957,0.02570093457943925,3.122466039707419,0.579937,0.009404388714733543,4.662237296107343e-06,0.01714060314842041,0.0514018691588785,0.2707870998120866,0.579937,7.202904028482498e-05,0.009404388714733543,0.1567,249,Monitor,41.5028,6225.42
Swamy Vivekanandha Road,12.883274917145265,77.54927577865054,44,0.0,4.45,0.386364,0.0,0.0,0.0007709685516548929,0.0,0.4923504867872045,0.386364,0.0,0.0,0.1566,250,Monitor,2.7194,407.91
BTP076 - Hudson Circle,12.968029834285714,77.58880913494505,455,0.009456264775413711,2.9175824175824174,0.67033,0.026373626373626374,0.0,0.008139993545379568,0.018912529550827423,0.23659233673141877,0.67033,0.0,0.026373626373626374,0.1563,251,Monitor,18.4375,2765.62
18th Main Road,12.910832539495798,77.64446749663867,238,0.01818181818181818,3.2147058823529413,0.571429,0.05042016806722689,2.4510030595876504e-06,0.00424929178470255,0.03636363636363636,0.2861817884316453,0.571429,3.786666934878456e-05,0.05042016806722689,0.1563,251,Monitor,10.6264,1593.96
BTP074 - Leprosy Hospital Junction,12.975846885138832,77.56179568138215,1047,0.01993704092339979,2.7468958930276983,0.647564,0.04297994269340974,5.8500685585186704e-05,0.018754258256535303,0.03987408184679958,0.20810501691700112,0.647564,0.0009038038973742267,0.04297994269340974,0.1558,253,Monitor,39.9444,5991.66
32nd G Cross Street,12.928137990000002,77.59214262333333,30,0.0,2.1633333333333336,0.866667,0.03333333333333333,1.0892641686582493e-05,0.0005199555348370208,0.0,0.11070931849791382,0.866667,0.00016828541256492708,0.03333333333333333,0.1556,254,Monitor,0.9014,135.21
"BTP179 - 9th Block, 28th Main, Jayanagar",12.91695609,77.59508601818183,110,0.02040816326530612,2.867272727272727,0.645455,0.03636363636363636,0.00011593898361380744,0.0019543156309391476,0.04081632653061224,0.22819572638765961,0.645455,0.0017911944825873846,0.03636363636363636,0.1549,255,Monitor,4.3806,657.09
BTP192 - Urvashi Theater,12.95650754928,77.58603276544001,625,0.0017123287671232876,3.5864,0.5264,0.0208,0.00012132398746058748,0.011188008749596587,0.003424657534246575,0.34821696801112656,0.5264,0.0018743898744945078,0.0208,0.1544,256,Monitor,31.1319,4669.78
BTP220 - Puttanna Junction,12.928844605442176,77.58282851292518,294,0.0,3.8074829931972793,0.503401,0.003401360544217687,1.314983768298961e-05,0.005253343851974039,0.0,0.385115381340297,0.503401,0.0002031578677897395,0.003401360544217687,0.1542,257,Monitor,15.5472,2332.08
BTP215 - Vanivillas Junction,12.946120153483719,77.57023379090926,434,0.007228915662650603,3.2698156682027646,0.599078,0.002304147465437788,2.424611073307277e-05,0.00776347402015276,0.014457831325301205,0.29537952737737383,0.599078,0.00037458927459590557,0.002304147465437788,0.154,258,Monitor,19.7097,2956.46
Main Guard Cross Road,12.974474091666666,77.60737983133333,300,0.0,2.5140000000000002,0.65,0.2,0.00023703865462500095,0.005360920859181698,0.0,0.16923504867872047,0.65,0.003662118789470515,0.2,0.1531,259,Monitor,10.475,1571.25
Choodasandra Road,12.889085996848602,77.67145479294922,17,0.0,3.423529411764706,0.588235,0.0,0.0,0.0002868720192204253,0.0,0.32103411601079934,0.588235,0.0,0.0,0.1525,260,Monitor,0.8083,121.24
BTP105 - Shivasankara Circle,12.956902590860215,77.57416609784947,186,0.012121212121212121,2.4586021505376343,0.715054,0.0,0.004601027912864364,0.0033169577222361677,0.024242424242424242,0.15998923235676793,0.715054,0.0710833884761753,0.0,0.152,261,Monitor,6.3514,952.71
MM Road,12.999655638914874,77.61157131365762,1069,0.020833333333333332,2.771375116931712,0.56782,0.0813844714686623,0.0020576806404864986,0.019148707282963386,0.041666666666666664,0.21219056193575164,0.56782,0.03179005107068536,0.0813844714686623,0.152,261,Monitor,41.1472,6172.08
BTP069 - MC Circle,12.974620575358045,77.54751794417268,1075,0.03808487486398259,2.517395348837209,0.630698,0.027906976744186046,0.00027825468518334205,0.019256284290171045,0.07616974972796518,0.16980172720509745,0.630698,0.004298884131283133,0.027906976744186046,0.1518,263,Monitor,37.5861,5637.92
Kengeri Main Road,12.973250948388602,77.5056531003901,185,0.0,3.556756756756757,0.486486,0.0918918918918919,1.7152890257905035e-05,0.003299028221034891,0.0,0.34326955606510545,0.486486,0.0002650028612699291,0.0918918918918919,0.1517,264,Monitor,9.1389,1370.84
Chinmaya Mission Hospital Road,12.978814457736167,77.63634559257527,956,0.027710843373493974,2.989539748953975,0.566946,0.014644351464435146,8.272569277837597e-06,0.017122673647219134,0.05542168674698795,0.24860190524962028,0.566946,0.0001278067133712558,0.014644351464435146,0.1516,265,Monitor,39.6944,5954.16
"BTP102 - BMTC Junction, KH Road",12.955459190857143,77.59290232228571,175,0.005952380952380952,3.6165714285714285,0.502857,0.011428571428571429,0.00040780351721466203,0.003119733209022125,0.011904761904761904,0.35325253328034967,0.502857,0.006300343398280753,0.011428571428571429,0.151,266,Monitor,8.7903,1318.54
BTP052 - CID Carlton House Junction,12.980863155860892,77.58762164743166,198,0.0,4.103535353535354,0.414141,0.010101010101010102,5.339092804023316e-06,0.0035321117366514864,0.0,0.4345260673494331,0.414141,8.248609117054266e-05,0.010101010101010102,0.1509,267,Monitor,11.2847,1692.71
BTP108 - Tagore Park Junction,12.943901209259396,77.57143116315804,1801,0.015356265356265357,2.601277068295391,0.610217,0.06774014436424208,0.0008385674341214803,0.03227310216229785,0.030712530712530713,0.1838014578518038,0.610217,0.01295541253215691,0.06774014436424208,0.1506,268,Monitor,65.0681,9760.22
Ali Asker Road,12.988790145971565,77.5967623606635,211,0.02717391304347826,4.25260663507109,0.279621,0.014218009478672985,0.0022209892263590826,0.003765195252268082,0.05434782608695652,0.45940583617319997,0.279621,0.034313080243931315,0.014218009478672985,0.1505,269,Monitor,12.4625,1869.38
BTP222 - Delmia Circle,12.905932804081633,77.59263616836735,98,0.0,3.7071428571428573,0.479592,0.04081632653061224,4.564271598062804e-05,0.0017391616165238284,0.0,0.36836876614345326,0.479592,0.0007051552332658849,0.04081632653061224,0.1502,270,Monitor,5.0458,756.87
Konanakunte-Uttarahalli Road,12.894793230731342,77.55504350797625,2,0.0,1.5,1.0,0.0,0.0,1.792950120127658e-05,0.0,0.0,1.0,0.0,0.0,0.15,271,Monitor,0.0417,6.26
BTP214 - 5th Main Chamrajpet  Junction,12.96500902960007,77.55255323659712,252,0.00411522633744856,3.11031746031746,0.619048,0.0,0.0,0.004500304801520422,0.00823045267489712,0.2687595204980462,0.619048,0.0,0.0,0.1494,272,Monitor,10.8861,1632.92
BTP035 - Basaweshwara Circle (LH) Junction,12.984610472222222,77.58816219444445,36,0.0,3.8388888888888886,0.361111,0.1111111111111111,0.0035449710049288976,0.0006275325420446803,0.0,0.3903569772832637,0.361111,0.05476788140658405,0.1111111111111111,0.149,273,Monitor,1.9194,287.91
BTP218 - Syndicate Bank Junction,12.934673374928776,77.58443592279203,351,0.0058997050147492625,2.4575498575498576,0.643875,0.15954415954415954,6.757479689209938e-06,0.006275325420446803,0.011799410029498525,0.1598136062670138,0.643875,0.00010439940008295594,0.15954415954415954,0.1484,274,Monitor,11.9806,1797.09
BTP217 - Baleyele Junction,12.957381283693532,77.56944775460542,85,0.0,2.827058823529412,0.682353,0.0,0.0007962484882626054,0.001506078100907233,0.0,0.2214840873762579,0.682353,0.01230160774649633,0.0,0.1483,275,Monitor,3.3375,500.62
BTP053 - Three Let Junction,12.983894015686275,77.58177205098039,51,0.0,4.349019607843138,0.313725,0.058823529411764705,1.8857723954597038e-05,0.000896475060063829,0.0,0.475497013826393,0.313725,0.00029134161822691267,0.058823529411764705,0.1483,275,Monitor,3.0806,462.09
"BTP189 - New Diagonal Road, Jayanagar",12.928112280564784,77.58069761295681,602,0.06772009029345373,2.7812292358803985,0.480066,0.03156146179401993,0.00015862651808940938,0.010775630221967225,0.13544018058690746,0.21383519931244482,0.480066,0.0024506937626798397,0.03156146179401993,0.148,277,Monitor,23.2542,3488.13
9th Cross Road,12.96905583197338,77.60445115183299,1810,0.013797240551889621,2.841160220994475,0.541989,0.0281767955801105,0.003344286529008503,0.03243446767310934,0.027594481103779243,0.2238375890394117,0.541989,0.051667414981874576,0.0281767955801105,0.1477,278,Monitor,71.4236,10713.54
Gandhi Marg,12.957150057410043,77.51863049587074,552,0.005747126436781609,3.025905797101449,0.516304,0.14130434782608695,0.0,0.009879155161903396,0.011494252873563218,0.2546713430489206,0.516304,0.0,0.14130434782608695,0.1473,279,Monitor,23.1986,3479.79
"BTP062 - Basava Mantapa, Dr. Rajkumar Road",12.979911838377566,77.5546504141,425,0.010178117048346057,3.3976470588235292,0.503529,0.01647058823529412,2.3151941304104113e-05,0.00760210850934127,0.020356234096692113,0.31671439090239706,0.503529,0.00035768494972522385,0.01647058823529412,0.1465,280,Monitor,20.0556,3008.34
BTP219 - Canara Bank Junction,12.931167219553071,77.58453701256984,358,0.0,3.590223463687151,0.46648,0.04189944134078212,0.0002113942671722086,0.00640083192885574,0.0,0.3488550982509848,0.46648,0.003265926897123233,0.04189944134078212,0.1459,281,Monitor,17.8514,2677.71
Bellandur Railway Station Road,12.937370802017899,77.70161546702681,317,0.013513513513513514,3.091167192429022,0.495268,0.11041009463722397,0.0002101308469079027,0.0056657223796034,0.02702702702702703,0.26556337008551134,0.495268,0.0032464077385445105,0.11041009463722397,0.1456,282,Monitor,13.6097,2041.46
BTP067 - Jai Muni Rao Circle,12.978517780813087,77.54273679499191,409,0.016042780748663103,3.030073349633252,0.540342,0.004889975550122249,0.002357700057110175,0.007315236490120845,0.03208556149732621,0.25536690119052885,0.540342,0.03642518851087089,0.004889975550122249,0.1445,283,Monitor,17.2125,2581.88
BTP119 - Minerva Circle,12.955163112562813,77.58039649145728,199,0.00546448087431694,3.02713567839196,0.577889,0.01507537688442211,0.0004582347844509993,0.003550041237852763,0.01092896174863388,0.25487660835470816,0.577889,0.007079479154072038,0.01507537688442211,0.1429,284,Monitor,8.3667,1255.0
BTP008 - Navarang Theatre,12.998492417815125,77.55309264941177,1190,0.018957345971563982,2.4057142857142857,0.605882,0.04201680672268908,0.0027808282982167932,0.021318176928317854,0.037914691943127965,0.15116232863103518,0.605882,0.04296229059054462,0.04201680672268908,0.1425,285,Monitor,39.7611,5964.16
"BTP101 - Blood Bank Circle, KH Road",12.961947537560976,77.59617864317073,410,0.11811023622047244,2.163170731707317,0.470732,0.0,5.041883299562761e-05,0.007333165991322122,0.23622047244094488,0.11068218053529633,0.470732,0.000778943653509032,0.0,0.1419,286,Monitor,12.3181,1847.72
"BTP025 - Puttamma Choultry, Nagarbhavi",12.978674192592594,77.53819774074074,27,0.0,3.7333333333333334,0.444444,0.0,0.0002050577022412289,0.00046616703123319113,0.0,0.372739916550765,0.444444,0.0031680304020087475,0.0,0.1416,287,Monitor,1.4,210.0
BTP034 - LRDE Junction,12.988339276825316,77.5917559860704,217,0.015151515151515152,3.409216589861751,0.437788,0.013824884792626729,0.0023990438302822887,0.0038727722594757417,0.030303030303030304,0.3186453279324202,0.437788,0.03706392740685699,0.013824884792626729,0.1415,288,Monitor,10.275,1541.25
BTP017 - Attiguppe Circle,12.960583327014218,77.52963757037915,422,0.018421052631578946,2.1118483412322275,0.736967,0.004739336492890996,0.000284324750416654,0.007548320005737441,0.03684210526315789,0.1021165520832647,0.736967,0.004392663350454751,0.004739336492890996,0.1411,289,Monitor,12.3778,1856.67
28th Main Road,12.912006092307694,77.65137754807692,104,0.02040816326530612,2.8644230769230767,0.548077,0.019230769230769232,6.046627059821716e-05,0.001846738623731488,0.04081632653061224,0.22772012410399056,0.548077,0.0009341711208969393,0.019230769230769232,0.1384,290,Monitor,4.1375,620.62
38th Main,12.906115849353027,77.54185395877171,77,0.0,3.2064935064935067,0.467532,0.1038961038961039,0.00016666316167038945,0.0013626420912970201,0.0,0.28481115546484115,0.467532,0.0025748555518561463,0.1038961038961039,0.1381,291,Monitor,3.4292,514.38
"BTP016 - 5th Main Road, RPC Layout",12.965246043934675,77.5378432820211,2474,0.02922077922077922,2.6848827809215843,0.485449,0.019401778496362168,0.0,0.04433965647075699,0.05844155844155844,0.19775512338051476,0.485449,0.0,0.019401778496362168,0.1371,292,Monitor,92.2556,13838.34
BTP184 - Lalbagh West Gate,12.94843504744186,77.58018114418606,215,0.00980392156862745,2.8009302325581396,0.581395,0.0,0.0007899073506137574,0.0038369132570731886,0.0196078431372549,0.2171232655173529,0.581395,0.012203640605368217,0.0,0.1367,293,Monitor,8.3639,1254.58
Anjanapura 60 Feet Road,12.872741714285715,77.56621185238095,21,0.0,3.4523809523809526,0.47619,0.0,1.3949704334590297e-05,0.0003585900240255316,0.0,0.32584939399960267,0.47619,0.00021551537419953496,0.0,0.1367,293,Monitor,1.0069,151.04
BTP155 - Katriguppe Junction,12.9266994100295,77.55074285663717,339,0.01567398119122257,2.3386430678466077,0.669617,0.0029498525073746312,0.00010018397714288307,0.006060171406031485,0.03134796238244514,0.13996824498135318,0.669617,0.0015477881684709009,0.0029498525073746312,0.1367,293,Monitor,11.0111,1651.67
GM Palya Main Road,12.97173199421456,77.65810981437689,1198,0.05082872928176796,2.7058430717863104,0.402337,0.1001669449081803,0.0001377074535242679,0.021461612937928067,0.10165745856353592,0.20125336385863318,0.402337,0.002127505548827771,0.1001669449081803,0.1365,296,Monitor,45.0222,6753.33
BTP071 - Prasanna Junction,12.974369503954971,77.55203424621543,721,0.008784773060029283,2.342163661581137,0.660194,0.024965325936199722,2.8645414835484324e-05,0.012909240864919139,0.017569546120058566,0.14055582668948047,0.660194,0.00044255613949194364,0.024965325936199722,0.1364,297,Monitor,23.4542,3518.13
T. Mariyappa Road,12.938908696193577,77.58522623391276,360,0.008695652173913044,2.8636111111111116,0.458333,0.1527777777777778,0.0009191960517258166,0.006436690931258293,0.017391304347826087,0.22758460825220223,0.458333,0.014201080990598837,0.1527777777777778,0.1361,298,Monitor,14.3181,2147.71
Outer Ring Road,12.933981552307692,77.53815398961538,260,0.1464968152866242,2.304615384615385,0.323077,0.0,0.00041332356491801124,0.004643740811130634,0.2929936305732484,0.13428907670910462,0.323077,0.006385625144606851,0.0,0.1357,299,Monitor,8.3222,1248.33
"BTP022 - Marenahalli Junction, Vijayanagar",12.968779866920466,77.53673460275871,1157,0.025717111770524232,2.3491789109766636,0.591184,0.015557476231633534,0.000780596070492759,0.020726503388675727,0.051434223541048464,0.14172666108094528,0.591184,0.012059786372230265,0.015557476231633534,0.1353,300,Monitor,37.75,5662.5
3rd D Cross,13.02396216293511,77.63469086730632,63,0.0,3.026984126984127,0.52381,0.047619047619047616,5.068658476004383e-06,0.0011116290744791482,0.0,0.2548513146565997,0.52381,7.830802732048101e-05,0.047619047619047616,0.1346,301,Monitor,2.6486,397.29
BTP225 - Geetha Junction,12.928338116027875,77.58587362578398,287,0.0036363636363636364,2.8111498257839718,0.557491,0.024390243902439025,5.741680213159033e-05,0.005127837343565102,0.007272727272727273,0.21882889999176164,0.557491,0.0008870584852502379,0.024390243902439025,0.1327,302,Monitor,11.2056,1680.84
"BTP198 - 9th Cross, 8th Main, JP Nagar",12.910339621428571,77.59572164285714,14,0.0,2.892857142857143,0.571429,0.0,7.075273444821763e-05,0.00023308351561659557,0.0,0.23246572620703354,0.571429,0.0010930914143060075,0.0,0.1324,303,Monitor,0.5625,84.38
6th Main Road,12.994936970194802,77.5913526504248,548,0.0038095238095238095,2.30948905109489,0.594891,0.10401459854014598,0.0006701311156540996,0.00980743715709829,0.007619047619047619,0.1351024841882988,0.594891,0.010353162668460732,0.10401459854014598,0.1317,304,Monitor,17.5778,2636.67
Mahaveer Road,12.876055715,77.61634803166666,60,0.0,2.6966666666666668,0.516667,0.11666666666666667,0.0002794776999563779,0.0010578405708753184,0.0,0.1997218358831711,0.516667,0.004317779046912907,0.11666666666666667,0.1298,305,Monitor,2.2472,337.08
"BTP070 - Cholurpalya Junction, Magadi Road",12.973484256997908,77.550805919489,2272,0.013712047012732615,2.009330985915493,0.607394,0.04753521126760563,0.00011680493099017718,0.04071789722809912,0.02742409402546523,0.0850065623224745,0.607394,0.0018045729003931775,0.04753521126760563,0.1287,306,Monitor,63.4056,9510.84
BTP047 - Vidhan Soudha Metro Station,12.979835985,77.59251278949999,200,0.0,3.042,0.495,0.01,0.0005838381742880843,0.00356797073905404,0.0,0.25735744089012513,0.495,0.009019983476758421,0.01,0.1285,307,Monitor,8.45,1267.5
Amruth Nagar Main Road,12.888541892244612,77.56274660576328,387,0.002702702702702703,2.429198966408269,0.555556,0.041343669250646,0.004263458438464502,0.006920787463692761,0.005405405405405406,0.15508188590958594,0.555556,0.0658681229874847,0.041343669250646,0.1279,308,Monitor,13.0569,1958.54
22C Main Road,12.917984649603175,77.64963380396824,252,0.0,2.8706349206349207,0.515873,0.031746031746031744,4.206288962339145e-07,0.004500304801520422,0.0,0.22875687131598121,0.515873,6.498488555503273e-06,0.031746031746031744,0.1274,309,Monitor,10.0472,1507.08
"BTP163 - 16th Main Road, BTM Layout",12.91499527445055,77.60852014148351,364,0.014619883040935672,2.95989010989011,0.409341,0.09615384615384616,6.37469575235762e-06,0.006508408936063399,0.029239766081871343,0.24365342585092242,0.409341,9.848559564598745e-05,0.09615384615384616,0.1272,310,Monitor,14.9639,2244.58
"BTP115 - Sahasra Hospital, Jayanagar",12.91728404702033,77.5738125694776,362,0.01892744479495268,2.633977900552486,0.491713,0.008287292817679558,0.0030262766169789923,0.006472549933660846,0.03785488958990536,0.18925917672642328,0.491713,0.046754334134687284,0.008287292817679558,0.1263,311,Monitor,13.2431,1986.46
"BTP190 - 36th Cross, 4th Main, Jayanagar",12.922585208123428,77.5812768107059,145,0.0,2.267586206896552,0.655172,0.0,7.884138750677764e-06,0.0025818481729838277,0.0,0.1281089635988682,0.655172,0.000121805672173286,0.0,0.1246,312,Monitor,4.5667,685.0
Dinnur Main Road,13.022632567999999,77.60114558000001,25,0.0,2.9240000000000004,0.44,0.0,0.004694308163703486,0.000430308028830638,0.0,0.23766342141863706,0.44,0.07252451781360297,0.0,0.1209,313,Monitor,1.0153,152.3
"BTP112 - 14th Cross, KR Road",12.92934653,77.57320882,10,0.0,3.29,0.4,0.0,9.705097740609421e-05,0.00016136551081148923,0.0,0.2987482614742698,0.4,0.001499385019956361,0.0,0.1199,314,Monitor,0.4569,68.54
"BTP178 - 18th Main, Marenahalli",12.91689827142857,77.58956701428572,7,0.0,3.0,0.428571,0.0,0.0014570997825201094,0.0001075770072076595,0.0,0.2503477051460361,0.428571,0.0225114022020672,0.0,0.1166,315,Monitor,0.2917,43.76
2nd Road,12.978188381044044,77.7147505542003,70,0.0,3.0214285714285714,0.414286,0.0,0.0009491402106894845,0.0012371355828880843,0.0,0.25392410093383666,0.414286,0.014663702023228399,0.0,0.1147,316,Monitor,2.9375,440.62
BTP009 - Prakash Nagar Junction,12.992517874427481,77.55763266068702,262,0.012875536480686695,2.622900763358779,0.427481,0.015267175572519083,0.0030569747551717416,0.004679599813533187,0.02575107296137339,0.187410419475735,0.427481,0.04722860373790993,0.015267175572519083,0.1142,317,Monitor,9.5444,1431.66
3rd B Cross,13.0697104,77.557175,10,0.0,2.93,0.3,0.2,0.0005872280325660567,0.00016136551081148923,0.0,0.23866481223922115,0.3,0.009072354950571602,0.2,0.1137,318,Monitor,0.4069,61.04
New road,12.987564518871517,77.68954794383687,38,0.0,2.1052631578947367,0.105263,0.6842105263157895,0.005006466383544008,0.0006633915444472334,0.0,0.10101749505892688,0.105263,0.07734719318684176,0.6842105263157895,0.1123,319,Monitor,1.1111,166.66
Kachohalli Main Road,13.008323309523808,77.48431117142857,21,0.0,2.2761904761904765,0.571429,0.0,0.00023148528817997874,0.0003585900240255316,0.0,0.1295450029803299,0.571429,0.003576322286637234,0.0,0.1121,320,Monitor,0.6639,99.58
2nd Main Road,13.001379425185185,77.65286953555555,135,0.05405405405405406,2.725925925925926,0.296296,0.02962962962962963,0.0,0.002402553160971062,0.10810810810810811,0.20460516148972335,0.296296,0.0,0.02962962962962963,0.1106,321,Monitor,5.1111,766.67
"BTP033 - Sophia High School, Sankey Road",12.990444546153846,77.58866545673077,208,0.05063291139240506,2.1826923076923075,0.336538,0.12980769230769232,0.0003375369340111269,0.0037114067486642525,0.10126582278481013,0.11394030170108055,0.336538,0.005214762757314616,0.12980769230769232,0.108,322,Monitor,6.3056,945.84
"BTP113 - 27th Cross, Pai Vista, KR Road",12.9175333703125,77.5731112515625,128,0.01680672268907563,2.35703125,0.460938,0.0078125,0.0012077210756175406,0.002277046652562126,0.03361344537815126,0.14303720445062584,0.460938,0.018658636290589423,0.0078125,0.1077,323,Monitor,4.1903,628.54
BGS Flyover,12.967981871428572,77.58159671428572,7,0.0,4.057142857142857,0.142857,0.0,8.90416089128984e-05,0.0001075770072076595,0.0,0.4267832306775282,0.142857,0.0013756446161090304,0.0,0.1069,324,Monitor,0.3944,59.16
Devarachikkanahalli Road,12.88152205,77.60979891111111,18,0.0,2.0999999999999996,0.555556,0.0,0.0004878786549981082,0.0003048015204217019,0.0,0.10013908205841443,0.555556,0.007537460893358155,0.0,0.1042,325,Monitor,0.525,78.75
Velankani Drive,12.851502693377483,77.65839331986754,151,0.022222222222222223,1.9211920529801325,0.496689,0.046357615894039736,6.012826566413044e-06,0.0026894251801914872,0.044444444444444446,0.07029630925954927,0.496689,9.289491277920131e-05,0.046357615894039736,0.1028,326,Monitor,4.0292,604.38
Ranka Colony Road,12.9005562,77.6076074,1,0.0,4.5,0.0,0.0,0.0003851151535928767,0.0,0.0,0.5006954102920723,0.0,0.005949820472586946,0.0,0.1007,327,Monitor,0.0625,9.38
BTP100 - Richmond Circle,12.962800310526315,77.59827016480263,304,0.03614457831325301,2.126315789473684,0.394737,0.03618421052631579,0.00031833002795622276,0.005432638863986804,0.07228915662650602,0.10453114706097649,0.394737,0.0049180264648203175,0.03618421052631579,0.1,328,Monitor,8.9778,1346.67
Paduka Mandira Road,12.906358171000216,77.53266608481819,11,0.0,1.6090909090909091,0.636364,0.0,2.4088946347268657e-07,0.0001792950120127658,0.0,0.01820710582880264,0.636364,3.7216116998486913e-06,0.0,0.0991,329,Monitor,0.2458,36.87
5th C Cross Road,12.912503851612902,77.60772105967742,62,0.0,2.6048387096774195,0.354839,0.016129032258064516,0.0,0.0010936995732778714,0.0,0.18439589034949977,0.354839,0.0,0.016129032258064516,0.092,330,Monitor,2.2431,336.46
BTP181 - Bileka Halli Junction,12.9019944125,77.60112085,8,0.0,2.9875000000000003,0.25,0.0,0.0027689361774683153,0.00012550650840893607,0.0,0.24826147426981926,0.25,0.04277856376797827,0.0,0.0915,331,Monitor,0.3319,49.78
9th Main Road,12.925555153846155,77.5166635923077,13,0.0,3.4615384615384617,0.153846,0.0,1.6177877964726499e-06,0.000215154014415319,0.0,0.32737776826789344,0.153846,2.4993944958940547e-05,0.0,0.0886,332,Monitor,0.625,93.75
Lake Road,12.87241525,77.58354474999999,2,0.0,1.8,0.5,0.0,0.002042971091605136,1.792950120127658e-05,0.0,0.05006954102920724,0.5,0.03156279650991217,0.0,0.0882,333,Monitor,0.05,7.5
12th Cross Road,12.924727244444444,77.48522580000001,9,0.0,2.4000000000000004,0.111111,0.3333333333333333,0.0022954184316380574,0.00014343600961021265,0.0,0.15020862308762178,0.111111,0.035462971140708045,0.3333333333333333,0.0836,334,Monitor,0.3,45.0
Mysore Road,12.92522164117647,77.4987947117647,17,0.0,1.9882352941176473,0.294118,0.0,0.002871617270838886,0.0002868720192204253,0.0,0.08148572363576867,0.294118,0.04436493102926158,0.0,0.0649,335,Monitor,0.4694,70.41
14th Cross Road,13.0377251,77.6099868,2,0.0,3.0,0.0,0.0,0.0013188003846745244,1.792950120127658e-05,0.0,0.2503477051460361,0.0,0.02037475143418288,0.0,0.0521,336,Monitor,0.0833,12.5
